seller_id,seller_gen_name
0015a82c2db000af6aaaf3ae2ecb0532,Premium Eletroportateis Excelência
001cca7ae9ae17fb1caed9dfb1094831,Essentials Ferramentas Jardim Excelência
001e6ad469a905060d959994f1b41e4f,Select Esporte Lazer
002100f778ceb8431b7a1020ff7ab48f,Essentials Moveis Decoracao Excelência
003554e2dce176b5555353e4f3555ac8,Essentials
004c9cd9d87a3c30c522c48c4fc07416,Essentials Cama Mesa Banho Excelência
00720abe85ba0859807595bbf045a33b,Essentials Utilidades Domesticas
00ab3eff1b5192e5f1a63bcecfee11c8,Essentials Beleza Saude
00d8b143d12632bad99c0ad66ad52825,Essentials Fashion Bolsas E Acessorios
00ee68308b45bc5e2660cd833c3f81cc,Essentials Cama Mesa Banho Excelência
00fc707aaaad2d31347cf883cd2dfe10,Essentials Informatica Acessorios
010543a62bd80aa422851e79a3bc7540,Premium Informatica Acessorios
010da0602d7774602cd1b3f5fb7b709e,Select Moveis Cozinha Area De Servico Jantar E Jardim
011b0eaba87386a2ae96a7d32bb531d1,Essentials Beleza Saude
01266d4c46afa519678d16a8b683d325,Essentials Construcao Ferramentas Ferramentas Construction Tools House Garden
013900e863eace745d3ec7614cab5b1a,Essentials Fashion Calcados Qualidade
014c0679dd340a0e338872e7ec85666a,Premium Moveis Cozinha Area De Servico Jantar E Jardim
014d9a685fd57276679edd00e07089e5,Essentials Papelaria Excelência
0176f73cc1195f367f7b32db1e5b3aa8,Essentials Cama Mesa Banho Excelência
01bcc9d254a0143f0ce9791b960b2a47,Essentials Beleza Saude Qualidade
01c97ebb5cdac52891c0ed1c37ba0012,Essentials Informatica Acessorios Excelência
01cf7e3d21494c41fb86034f2e714fa1,Select Eletrodomesticos 2
01ed254b9ff8407dfb9d99ba1e17d923,Select Relogios Presentes Excelência
01fd077212124329bac32490e8ef80d9,Essentials Beleza Saude Household Utilities Excelência
01fdefa7697d26ad920e9e0346d4bd1b,Essentials Beleza Saude Excelência
0241d4d5d36f10f80c644447315af0bd,Essentials Moveis Decoracao Excelência
0249d282d911d23cb8b869ab49c99f53,Essentials Esporte Lazer Excelência
024b564ae893ce8e9bfa02c10a401ece,Essentials Instrumentos Musicais
028872bfa080090a9d0abd4f1af168f8,Essentials
02a2272692e13558373c66db98f05e2e,Essentials Telefonia
02b72cdeb9cfcc429f1af6f4e3f3b737,Essentials Bebes Qualidade
02c988090b766852e088c69d7fb3b551,Essentials Sinalizacao E Seguranca Excelência
02d35243ea2e497335cd0f076b45675d,Select Moveis Decoracao
02dcd3e8e25bee036e32512bcf175493,Essentials Papelaria Excelência
02ecc2a19303f05e59ce133fd923fff7,Select Ferramentas Jardim Excelência
02f5837340d7eb4f653d676c7256523a,Essentials Malas Acessorios Excelência
02f623a8eb246f3c5f7c2f96462654e6,Essentials Esporte Lazer Sports Leisure Qualidade
0307f7565ff85b299b6e5ef162b1b1a9,Premium Cool Stuff
0336182e1b3e92f029d5354832045fdf,Essentials Moveis Decoracao
034b9387752bfa309f350a70cd45ffa3,Essentials Brinquedos
038b75b729c8a9a04b0d07cba7eabe86,Select Utilidades Domesticas
039b29ff3b3473435d0cd59040575de9,Essentials Musica
039e6ad9dae79614493083e241147386,Premium Ferramentas Jardim Entrega Rápida
03a2a6dcbe45d639c4dc2a0d24769c40,Essentials Ferramentas Jardim Construction Tools House Garden Excelência
03bd479e1d9484cdb14104d3023f7321,Essentials Automotivo
0417b067eeab773d2f7061a726dc477f,Select Automotivo Excelência
042573af89b6d931f672efaf789d8358,Essentials Eletroportateis
04308b1ee57b6625f47df1d56f00eedf,Premium Beleza Saude Excelência
0432ead42b6c8a0bdf68154add917fdf,Essentials Brinquedos Excelência
044668ccd5316b12a7cf0d54a156e3e9,Essentials Alimentos Food Drink
04843805947f0fc584fc1969b6e50fe7,Premium Cama Mesa Banho Home Decor
048c2757535328e0d7dac690ad3c0aae,Select Fashion Calcados Excelência
04aa0a1c5ce6b222003403a3e11c3cc0,Select Automotivo Qualidade
04aba03279157f6d4e0fe8ccaf21963c,Select Beleza Saude Excelência
04e38a233f726ef161074ab1c9b0399a,Essentials Esporte Lazer Excelência
04ee0ec01589969663ba5967c0e0bdc0,Select Artes E Artesanato Excelência
04fdea0c111866e6cf812f1570d6b5bd,Essentials Informatica Acessorios Qualidade
0509040ea3fe50071181bbc359eb7738,Essentials Esporte Lazer Excelência
052577151711aec5c744fe12e66db3e1,Premium Eletroportateis
054694fa03fe82cec4b7551487331d74,Select Eletroportateis Excelência
056b4ada5bbc2c50cc7842547dda6b51,Select Relogios Presentes Excelência
0570350b23eda5444f8d1d9544932058,Essentials Beleza Saude
05730013efda596306417c3b09302475,Select Moveis Decoracao Excelência
058cb5aeb36d7c0fcae20fc85d5e0a59,Essentials Malas Acessorios Qualidade
058fd0aa2bfdb2274e05e1ae971dabb6,Essentials Perfumaria Excelência
05a48cc8859962767935ab9087417fbb,Essentials Ferramentas Jardim Fashion Accessories
05a940b4ecae36cadfd8e93bd9c43257,Essentials Cool Stuff
05aebce0b5c8f0d41b29b686f2d05fd3,Essentials Casa Conforto 2
05ca864204d09595ae591b93ea9cf93d,Select Consoles Games
05d2173d43ea568aa0540eba70d2ca76,Essentials Automotivo Excelência
05e107217c7266362fd44b75b2cd4cc4,Essentials Papelaria Stationery
05f51e13da97139648b8125c31e5f51b,Select Bebes Excelência
05feb94f19d094d4b0f9281f0b1d4c99,Premium Ferramentas Jardim Excelência
05ff92fedb5be47920fea08e501238b9,Select Cool Stuff Excelência
062c325cd6a2b87845fab56b4ec2eeae,Essentials Bebes
062ce95fa2ad4dfaedfc79260130565f,Essentials Moveis Decoracao Excelência
06532f10282704ef4c69168b914b77be,Premium Ferramentas Jardim Qualidade
06579cb253ecd5a3a12a9e6eb6bf8f47,Essentials Utilidades Domesticas Excelência
066a6914e1ebf3ea95a216c73a986b91,Essentials Esporte Lazer Excelência
0691148aee60ca47977c187804f935ae,Essentials Esporte Lazer Excelência
0692610d8abe24f287e9fae90ea0bbee,Essentials Informatica Acessorios
06a2c3af7b3aee5d69171b0e14f0ee87,Essentials Beleza Saude Excelência
06bb3a2fe5e7b7a845b13e8fb91bd944,Essentials Beleza Saude Excelência
06df0c10d34e459d9672bc77388742eb,Select Esporte Lazer Excelência
06e5eefc71ec47ae763c5c6f8db7064f,Select Construcao Ferramentas Seguranca Excelência
07017df32dc5f2f1d2801e579548d620,Essentials Telefonia Qualidade
070d165398b553f3b4b851c216b8a358,Essentials Pet Shop Excelência
0725b8c0f3f906e58f70cbe76b7c748c,Essentials Utilidades Domesticas Qualidade
0743a0239d764b9a0f959a57d07e36ab,Essentials Alimentos
0747d5bb69f0586cc869d8af4c50f93e,Essentials Perfumaria
0761743cbffb25d7148189e9f1a5f03a,Essentials Beleza Saude
077c5fae4bea9500e3737b16f71b9d3a,Essentials Utilidades Domesticas
0791d9fc1e30678ecf03d3e55fa108d3,Essentials Utilidades Domesticas
079d295dcbf06ee8bb1b65ba964eb2b6,Essentials Construcao Ferramentas Construcao
07a9bc7f61396b658ddf3ac534efe44c,Essentials Brinquedos
07bf9669d84d1f11be443a9dd938f698,Essentials Moveis Cozinha Area De Servico Jantar E Jardim Excelência
07d75e33f2750d97d467fb57e4dfdd8a,Select Eletroportateis
07de60b03d150fb3ea09eab5da5e4c8b,Essentials Cama Mesa Banho Bed Bath Table Excelência
07e8e8fc5222bb358e6f259da3197074,Essentials Qualidade
080102cd0a76b09e0dcf55fcacc60e05,Essentials Informatica Acessorios Excelência
080199a181c46c657dc5aa235411be3b,Select Automotivo Excelência
08061dc0fc165ed41288cc7acde738ee,Essentials Informatica Acessorios Excelência
08084d990eb3f53af056ccbc1730c8a7,Essentials Eletronicos
081acf3de680d554796c9cf041be7bc2,Select Moveis Decoracao
082e0bf4cb865a6533b1e8e498cc0255,Essentials Ferramentas Jardim Excelência
085f6f7e049c996695fb2074fe38d45e,Essentials Utilidades Domesticas Excelência
08633c14ef2db992c11f840f04fad4cd,Essentials Esporte Lazer Excelência
0873d9f8f36123f8d910f4760e788cfb,Premium Telefonia Audio Video Electronics Qualidade
0885aaf116795758dfeb5f1032487bcd,Essentials Cama Mesa Banho Qualidade
0887a9f087bcd5d9f6642b52f897fc6c,Essentials Telefonia Qualidade
08ad4ac1388e4420ca531c3edfc46198,Essentials Pet Shop Excelência
08cdbae123ff67ca4e36d9d641ce0119,Premium Moveis Sala Excelência
08d0949a9a17c027262db1f3c450c26c,Essentials Moveis Decoracao
08d1c9478fb0d7d7fcac9c0da4e82fc7,Premium Moveis Decoracao Home Decor
08d2d642cf72b622b14dde1d2f5eb2f5,Essentials Papelaria Qualidade
08f5819815f3d06545011850bd70f0a8,Select Beleza Saude
091065b789659bc3cd9af9cb3a6253ff,Premium Cool Stuff
0936e1837d0c79253456bbb2ffaaef10,Essentials Ferramentas Jardim
093805f8f2aeb63881444571e1f48f30,Essentials Beleza Saude Qualidade
094ced053e257ae8cae57205592d6712,Essentials Beleza Saude Health Beauty
0951a6e282947e09cd47969f4ed0b47f,Essentials Perfumaria Qualidade
09883d9ab71c8fe8a9bfc7fc3075b07e,Essentials Beleza Saude
099095b050cfe8eb1ddff5317587e96e,Select Utilidades Domesticas Excelência
09bad886111255c5b5030314fc7f1a4a,Essentials Artes Handcrafted Excelência
09f952a5f58d2285b0372551ae8f9b01,Select Moveis Decoracao Excelência
0a198e95d32b1be2da9424c962a6ebfa,Essentials Ferramentas Jardim
0a82f5fb06a4fe4ac2cf7cb412ec71b8,Select Construcao Ferramentas Construcao
0a85ebe4e328db81ac9109781205e2f7,Essentials Moveis Decoracao Home Decor
0aa124728afc1131dff5655f4c6f487b,Select Automotivo
0aa2205ca24f113f4658a5c536667426,Essentials Papelaria
0ac4201fda2c68ebc0e47cb9423cf3c9,Select Beleza Saude Excelência
0ad80de75c811326389cfb1daba7d45e,Select Brinquedos
0adac9fbd9a2b63cccaac4f8756c1ca8,Essentials Utilidades Domesticas Excelência
0ade5cc4a305ed7093a23f68ca47519c,Essentials Automotivo
0aea4c6ae1505b3228ddf3dd7822ee5b,Select Relogios Presentes Excelência
0af2ab31141893d26aca5a404a537dab,Essentials Informatica Acessorios
0af977692321d895349eded183341d28,Essentials Pet Shop
0afccdb8a34ee5c79f7c06faf2b4d56e,Essentials Telefonia Excelência
0b09101900100c0e9d312861fad5a1b9,Select Moveis Decoracao
0b0ddbc7b9d9584f442c7ac92b0ff6c9,Select Automotivo Qualidade
0b18d63d0cd1d723567903fd34a07df2,Select Automotivo Excelência
0b1ca3ef18a63d7eb0c8897fa0849c08,Essentials Beleza Saude Health Beauty
0b35c634521043bf4b47e21547b99ab5,Select Construcao Ferramentas Construcao Excelência
0b36063d5818f81ccb94b54adfaebbf5,Essentials Ferramentas Jardim
0b3f27369a4d8df98f7eb91077e438ac,Essentials Moveis Decoracao
0b46f784306be7200ca1700aa55d819f,Essentials Automotivo
0b64bcdb0784abc139af04077d49a20e,Essentials Beleza Saude
0b90b6df587eb83608a64ea8b390cf07,Select Informatica Acessorios Excelência
0bae85eb84b9fb3bd773911e89288d54,Essentials Utilidades Domesticas Excelência
0bb27263628258b8111a0262769fa9db,Essentials Utilidades Domesticas
0bb738e4d789e63e2267697c42d35a2d,Essentials Industria Comercio E Negocios Excelência
0be8ff43f22e456b4e0371b2245e4d01,Essentials Esporte Lazer Excelência
0bebbb2cea103a4a020c95d43fd7d754,Select Beleza Saude
0bf0150d5b9d60d9cd2906003332f085,Essentials Moveis Decoracao Excelência
0bfd0b434243adc5c2e1aa6baf19c6aa,Essentials Utilidades Domesticas
0c7533c71df861ec58ad7ff999ed0e8d,Essentials Perfumaria Excelência
0c7f30ae9b147eca07affbef92832a6a,Essentials Esporte Lazer Excelência
0c8380b62e38e8a1e6adbeba7eb9688c,Essentials Cama Mesa Banho Excelência
0cab2da43793a6f3c5ed8514c5f54627,Essentials Papelaria Bags Backpacks
0cbcee27c791afa0cdcb08587a2013a8,Essentials Fashion Bolsas E Acessorios Excelência
0d33a55da925bbf1ff02af5f6059fc7f,Essentials Livros Tecnicos Excelência
0d4c8269e7f0401201794deef160edd6,Select Automotivo
0d83f8e03188682112cc0d93523705cc,Essentials Informatica Acessorios Excelência
0d85bbda9889ce1f7e63778d24f346eb,Essentials Papelaria Excelência
0daf5180aa44356f60f8effa533b55a2,Essentials Perfumaria
0db783cfcd3b73998abc6e10e59a102f,Essentials Tablets Impressao Imagem Excelência
0dd184061fb0eaa7ca37932c68ab91c5,Essentials Industria Comercio E Negocios Excelência
0ddefe3c7a032b91f4e25b9c3a08fca1,Essentials Artes E Artesanato Household Utilities Excelência
0df3984f9dfb3d49ac6366acbd3bbb85,Essentials Beleza Saude Excelência
0dfbed20065e425d2eaefb101f9816c0,Essentials Bebes Qualidade
0e44d110fa6a54e121cb2c095a77762f,Essentials Papelaria Qualidade
0e72c1a751b496722a6cb1f10653b62a,Essentials Brinquedos Books Excelência
0e982cff76cc0579f632cea8a0e38c9d,Essentials Instrumentos Musicais
0ea22c1cfbdc755f86b9b54b39c16043,Essentials Fashion Bolsas E Acessorios Excelência
0eaa7e33d73809f1f925f7d07c506cbd,Essentials Brinquedos Excelência
0ebd97a106433a45a4aebe57c1799778,Essentials Fashion Bolsas E Acessorios Excelência
0ec28cec4046a4a199b6de9b4c891d97,Essentials Beleza Saude Excelência
0ed6ce5d87fd9c69eaacaeb778d67235,Essentials Eletronicos Excelência
0ee4fb99ac55ffbbc98795aa01b7f8fa,Essentials Moveis Decoracao
0ef83d7d83ed97cd2a0049ac8be5f88a,Essentials Esporte Lazer Excelência
0f0c984a4a955310903b6b6008660bad,Essentials Esporte Lazer Qualidade
0f519b0d2e5eb2227c93dd25038bfc01,Essentials Moveis Decoracao
0f7eea709efdf942b5f95c7516dbacd7,Essentials Beleza Saude Qualidade
0f80a40c312b2472dca482cf50f5186f,Essentials Perfumaria
0f94588695d71662beec8d883ffacf09,Essentials Artes
0fe2d9733ed841eb064503920015a8c0,Essentials Automotivo
0ff83046c3fa22efee8ecf291888b191,Essentials Esporte Lazer Qualidade
0ffa40d54288e4f3499b8780dd0f144f,Essentials Livros Tecnicos Excelência
10076e5788b8ee532724bcd460baf762,Essentials Bebes Excelência
10089e9f2fd0c668a8fd4e52e1698888,Select Climatizacao
101921376b577a4540dc30e9009133ca,Select Cool Stuff
101a3a003516bc11253298b2fad3cb65,Essentials Fashion Roupa Masculina Excelência
1025f0e2d44d7041d6cf58b6550e0bfa,Essentials Moveis Decoracao Excelência
10264f60a8f0a4d2f30810f5c661c673,Essentials Beleza Saude Excelência
1099a00e0ee3a50935e6c2447ca090c5,Select Climatizacao
10cdd491d1dbea8fb4ead97b19c334ce,Essentials Pet Shop Excelência
10ff823eda2b032e2c93d17a7d294736,Essentials Utilidades Domesticas Qualidade
112453736dbe3889cfb74e1aaa0ba0c1,Essentials Automotivo Excelência
1127b7f2594683f2510f1c2c834a486b,Essentials Ferramentas Jardim Excelência
11305281b50fff20ae8bb473f8e11876,Select Casa Conforto Excelência
113e3a788b935f48aad63e1c41dac1bd,Essentials Artigos De Natal Excelência
116ccb1a1604bc88e4d234a8c23f33de,Essentials Automotivo Excelência
11742f81550ac064cc9a40f67151d9ad,Select Climatizacao Home Appliances
117cfc326c6d50da67ca858ff5c0c852,Essentials Esporte Lazer Household Utilities Excelência
11938fcc75f6902fea1d0a6f72b54a57,Select Cama Mesa Banho
119c7f1a00ef43fad0e57604e76a747c,Essentials Beleza Saude
119d1aef1b4144adba89163f6cd9f5d4,Select Moveis Cozinha Area De Servico Jantar E Jardim
11bfa66332777660bd0640ee84d47006,Essentials Beleza Saude Excelência
11d4c477d09821164bca4f70a2eae031,Essentials Construcao Ferramentas Jardim
11eac105f3f90a9b87b19c89d91e24f3,Select Cool Stuff
11fb6f6d341adbe19e81733701704635,Select Cama Mesa Banho Home Decor Excelência
120476eb7a04c149d14772edaf5d9bf2,Select Construcao Ferramentas Construcao Construction Tools House Garden Excelência
1284de4ae8aa26997e748c851557cf0e,Select Relogios Presentes Excelência
128639473a139ac0f3e5f5ade55873a5,Essentials Eletronicos Excelência
128f9bfbe4c7d5185033914b1de3d39a,Essentials Beleza Saude Qualidade
12a8eb0f8d1cd3270695bf2a99f55966,Select Malas Acessorios
12b9676b00f60f3b700e83af21824c0e,Select Cool Stuff Excelência
12c2ed9cded6138cf0c75f525f565fc7,Essentials Cama Mesa Banho
13074f016982ff2bd6c58ced8682f000,Essentials Moveis Cozinha Area De Servico Jantar E Jardim
131fcb0a0c9a47bba4474aacff0f14b7,Essentials Eletrodomesticos Home Appliances Qualidade
1336efc61c316ddf92c899eb817f7cae,Essentials Pet Shop Excelência
134285d1f41da5c13a756ee8142c8a4e,Select Automotivo Car Accessories Excelência
134a288e7de827ec5ec62e3ec9c3a295,Essentials Livros Tecnicos Excelência
134b867a0f7f8bbe6abf10f91874891e,Premium Automotivo
13511db12ac61e2f89c53b72a944a60b,Essentials Automotivo Car Accessories Excelência
1352e06ae67b410cdae0b2a22361167b,Select Relogios Presentes
1354d51653f645349064725ed204e85e,Essentials Moveis Decoracao Excelência
138dbe45fc62f1e244378131a6801526,Essentials Utilidades Domesticas Household Utilities Excelência
139157dd4daa45c25b0807ffff348363,Essentials Livros Tecnicos
13c2ed7698b3ca92dad49e849219da59,Essentials Perfumaria
13d058e4eeac2ce8217660b2f8a05812,Select Eletrodomesticos 2 Qualidade
13d95f0f6f73943d4ceffad0fc2cd32c,Select Automotivo
13dd308f81fea30cc670c656b2b46cc3,Essentials Beleza Saude Excelência
13e85aac53340018b40c2af68001b7e0,Essentials Moveis Decoracao Excelência
13f57c12a00ed4610db646b913a7f5c6,Essentials Automotivo
13fa2a6c6b9d0f43cb588d7c82117a12,Select Beleza Saude Excelência
141440cad9341e553f8401c574a2aa38,Essentials Bebidas Excelência
1430239a858e7682bbc43b20758af153,Essentials Bebes
1444c08e64d55fb3c25f0f09c07ffcf2,Premium Ferramentas Jardim Car Accessories
1464afc72f696af775557a821c2e253f,Essentials Perfumaria Excelência
14a08204d03bb6b6bde8029f801ae0eb,Essentials Eletronicos Excelência
14d7985702e72162bbf13b6beb74ab2b,Essentials Esporte Lazer Excelência
14ee35374a7876217954b5fa08e50463,Essentials Cama Mesa Banho
14f2b3587172b9db894c9bad8dab520b,Essentials Utilidades Domesticas
152ee17e4c8aaf53dac99f3462e4999b,Essentials Utilidades Domesticas
154bdf805377afea75a3bd158e9eab10,Essentials Bebes
1554a68530182680ad5c8b042c3ab563,Essentials Moveis Decoracao Excelência
157c3e4b42f81ac4a44e8b1ca2fe9876,Essentials Moveis Decoracao Excelência
1588ac4010787100dddef64568f0ae35,Select Informatica Acessorios
15aac934c58d886785ac1b17953ea898,Select Climatizacao Excelência
15ac3c501e2599e4917316fde5c5669a,Essentials Pet Shop
15aec03fe4cf30dfa574cf550f5ff5ff,Essentials Beleza Saude
15b3b1b81484422eb41df68ac87f1f50,Essentials Beleza Saude
15cd6eefe58588619aaed41dfa6621b1,Essentials Qualidade
15ead3a5037a918ddb520dfe39a3d2b9,Essentials Livros Interesse Geral Qualidade
15fa791d5e017f66402dc28c44480657,Select Bebes Excelência
160851d3ece7aa1a510f8d1a4bb8a8af,Essentials Informatica Acessorios Construction Tools House Garden
16090f2ca825584b5a147ab24aa30c86,Essentials Automotivo Excelência
160e4f13fd3a64b1b86807be88b5ffb0,Select Eletroportateis Excelência
164a5a8794e6d42e14f55e447b12a3bc,Essentials Bebes
165b1235e9e9942cb5fae67103576fb0,Essentials Construcao Ferramentas Construcao Home Decor
165fc07beebdcb6190fba8a06db2a449,Select Informatica Acessorios Excelência
1660ad786c27fd935378b6192a90b417,Essentials Informatica Acessorios Excelência
166e8f1381e09651983c38b1f6f91c11,Essentials
167fd940acebc789debd6eb418c46e38,Select Automotivo
1690cada046eb7e92c12f98b1f8a8167,Select Automotivo Excelência
16bdc8cefd0e32a6f0824d296c5ad14a,Essentials Bebidas
1703bc09972dab9782e7a9194943b69f,Select Automotivo
1710c3aaa9c6b44ec3883ee0fe300e21,Premium Eletronicos
17306570e772e7718c92a562d33f5f1d,Select Cama Mesa Banho Excelência
173d56ffbd4c56cb80fc3615487d712b,Select Malas Acessorios
1746c1ae87ac63d530c7c943d0ac42e2,Select Automotivo
1771297ac436903d1dd6b0e9279aa505,Essentials Cama Mesa Banho Excelência
1782ce2db72c3dda627d5e7c898104e1,Select Esporte Lazer Excelência
17908cf9b444ee34047cadd5c0f4a516,Select Automotivo Excelência
17998cf586426bf0f2c3726cb0a4b211,Essentials Malas Acessorios
179d859f51292aac5c10806a356f7af9,Essentials Eletronicos Excelência
17a053fcb14bd219540cbde0df490be0,Select Moveis Escritorio Excelência
17adeba047385fb0c67d8e90b4296d21,Select Moveis Escritorio
17ca9b9e9b9ef8fdb529001b49ebb50f,Essentials Cama Mesa Banho Excelência
17e34d8224d27a541263c4c64b11a56b,Select Perfumaria Excelência
17eea220a40cc0d2c0c5346379682398,Select Beleza Saude
17f51e7198701186712e53a39c564617,Premium Beleza Saude Excelência
180c3376aff0e43dd5788709df48a843,Premium Telefonia Fixa
1835b56ce799e6a4dc4eddc053f04066,Essentials Cama Mesa Banho Excelência
1838dd9b8977065acf51d95e0053ea7a,Essentials Informatica Acessorios Excelência
184725737946a1a938bbbd1a9e978103,Essentials Beleza Saude Fashion Accessories
184a67a8f9f63234d3a92340bbdb727f,Essentials Moveis Decoracao Qualidade
186cdd1b2df32caa72cfb410bba768d3,Select Utilidades Domesticas Household Utilities
189ca3538ce9f920cacf0f982cbe223b,Essentials Papelaria Stationery
18a349e75d307f4b4cc646a691ed4216,Essentials Telefonia Excelência
18e694e0e48ed6f7aa3f24aade5fd697,Essentials Informatica Acessorios Computers Excelência
1900267e848ceeba8fa32d80c1a5f5a8,Essentials Cama Mesa Banho Excelência
191d55f7edb8524d525ed01b20fe32e8,Select Moveis Colchao E Estofado
1927cdb9fa74f5270097f6250e8e8f34,Essentials Bebidas
19484c79cef6c062cb177aa4ef2fcc3c,Select Perfumaria
1961c3e1272bfeceb05d0b78b5bbfdaf,Select Pc Gamer Games Consoles
1967a9e2ad6f51802b093147d861df58,Select Construcao Ferramentas Seguranca
1976a05ecf2996d6ffb7b5430e635fe7,Select Eletrodomesticos Qualidade
1987cd4be10fe09ee50454f9c354d1c6,Select Pet Shop Excelência
198c7ea11960a9844b544d9bcdca860c,Essentials Automotivo Excelência
1992f8fb6b19fcccd97ca819811e7267,Essentials Fraldas Higiene
1996942dc085d7773ba77a529b163cd0,Select Relogios Presentes Excelência
19a7c9f66ffa6452ff4b4c0cca71da27,Select Moveis Decoracao
19d62d484cba71963c93f0f00ab42013,Essentials Moveis Decoracao Home Decor
19e0f40a907ec568c34bfac15de4f4a1,Essentials Utilidades Domesticas Qualidade
1a3df491d1c4f1589fc2b934ada68bf2,Essentials Cama Mesa Banho Excelência
1a6245add4353f18ed55138808906979,Essentials
1a8e2d9c38b84a9702ac7922924b0573,Essentials Household Utilities
1a932caad4f9d804097d7f8e615baed1,Essentials Construcao Ferramentas Construcao Construction Tools House Garden Excelência
1acde099eb406aa220b1169b188b42da,Essentials Moveis Decoracao Qualidade
1b0b0f4f95e962d6f32fe90c759d0479,Essentials Beleza Saude Qualidade
1b1ae47a313a825a7ccceb8e2e30fa9d,Select Esporte Lazer
1b45169b635ef59425637e9a33eb5fb3,Essentials Utilidades Domesticas Qualidade
1b4b28463457a256e9a784ebe2a8f630,Premium Automotivo Car Accessories
1b4c3a6f53068f0b6944d2d005c9fc89,Essentials Utilidades Domesticas Excelência
1b61fb1f0f2185d89e9a126c498e9cc7,Essentials Moveis Decoracao
1b65c144b17e607c0f37f10bb7dfec8d,Select Construcao Ferramentas Construcao
1b7e5006cb25dd23ce8686691013b121,Select Beleza Saude Excelência
1b8356dabde1d35e17cef975c3f82730,Essentials Esporte Lazer Excelência
1b8b75e227c9a9c100d0c210fb6176ce,Essentials Fashion Bolsas E Acessorios Excelência
1b938a7ec6ac5061a66a3766e0e75f90,Select Bebes Excelência
1bb2bdb95f4841f1bba2c0d2cd83d3c9,Essentials Livros Interesse Geral Excelência
1bb3812d5f0747a3ab7348f199001a10,Essentials Esporte Lazer Excelência
1bc2e21de46adfea6b98cc96b00f3b40,Select Cool Stuff
1c129092bf23f28a5930387c980c0dfc,Essentials Cama Mesa Banho Excelência
1c40343cc5d18c2d8248ac2f3366de34,Essentials Perfumaria Excelência
1c56ffe0e9dea2657fc6e95b53f40b13,Essentials Perfumaria Qualidade
1c5e4e49b9079480255b49d50aac1aa9,Premium Cama Mesa Banho Excelência
1c68394e931a64f90ea236c5ea590300,Select Informatica Acessorios Excelência
1c742ac33582852aaf3bcfbf5893abcf,Essentials Esporte Lazer Health Beauty Excelência
1c83418358f249c9d6affa52d579db0e,Essentials Musica
1ca4bdb0cd7fc48e949bac066188ed26,Select Moveis Escritorio Qualidade
1ca7077d890b907f89be8c954a02686a,Essentials Brinquedos Excelência
1caf283236cd69af44cbc09a0a1e7d32,Essentials Brinquedos Excelência
1cbcd2ee0afb3fc09963b87eb65e7e4f,Essentials Perfumaria
1cbd32d00d01bb8087a5eb088612fd9c,Essentials Beleza Saude Health Beauty Excelência
1cbd50a8c52e6cf8e315c5709fab386f,Essentials Telefonia Excelência
1cbdc7cf130a41fd13a3c2a7d2fcfda7,Essentials Cama Mesa Banho Bed Bath Table
1cd9e0cc1839d55516843def5600816d,Select Cama Mesa Banho Qualidade
1ce3ae5a399804d1a87e706f8a813c3e,Essentials Moveis Decoracao Excelência
1d0646a72178a6fb37ee8082140e06ec,Essentials Beleza Saude
1d0997ff06b524ce9289ffd75114ecd3,Premium Automotivo
1d139e3a3b14025640d8df1b230aace0,Essentials Esporte Lazer
1d1bbb8ac1581824986f582583fff01d,Essentials Beleza Saude
1d2732ef8321502ee8488e8bed1ab8cd,Select Informatica Acessorios
1d29dfba02015238dfbe2449a5eaa361,Essentials Perfumaria
1d4587203296c8f4ad134dc286fa6db0,Essentials Automotivo Excelência
1d503743d2526f03f0c2c89540ee008c,Essentials Automotivo Qualidade
1d8dbc4f32378d715c717c1c1fc57bae,Essentials Bebes Excelência
1d953075c2f0dd990bacf27b83b330f1,Essentials Informatica Acessorios Computers
1da366cade6d8276e7d8beea7af5d4bf,Select Moveis Decoracao Excelência
1da3aeb70d7989d1e6d9b0e887f97c23,Essentials Esporte Lazer Excelência
1dc2de47ee26a0a5b12dc14fd6dc0dea,Essentials Cama Mesa Banho Excelência
1dcfa3835714681d4ba4a93bc1e0fd41,Essentials Moveis Sala Qualidade
1dd33b8119b3cb1056ed5dc88cd0aaf4,Select Instrumentos Musicais Excelência
1de62b6f2fd96227629786db492433db,Essentials Esporte Lazer Qualidade
1dfe5347016252a7884b694d4f10f5c4,Essentials Cama Mesa Banho Excelência
1e26c56af8d48424e1df0140a2401f83,Essentials Construcao Ferramentas Construcao Construction Tools House Garden
1e47d8b6546eb3a77b1acddcc9406242,Essentials Fashion Roupa Feminina
1e47defeeadeca0e9a18fa5a9311e735,Essentials Esporte Lazer Qualidade
1e483cc5c76fef08d3ca05f9a8af7d01,Essentials Fashion Underwear E Moda Praia
1e8b33f18b4f7598d87f5cbee2282cc2,Essentials Cama Mesa Banho Excelência
1e8c6a4c538f286aee9573239740a4b4,Essentials Bebes
1e9d5a33694bddb76316fd1f54734d20,Select Moveis Quarto Excelência
1eade46fba20122dc4aefb379f8c636b,Essentials Beleza Saude Excelência
1f1bb1f0859883505541bdd6606193e5,Premium Fashion Bolsas E Acessorios Excelência
1f2eebc0e970fd3c463e4f5d9652687a,Essentials Livros Tecnicos
1f50f920176fa81dab994f9023523100,Essentials Ferramentas Jardim Excelência
1f7dfad2cb384ea4d2d7e1ffbd78c407,Essentials Bebes Toys
1f7fd2a6fcd5a6fa5d8a4dabc72aaae0,Select Utilidades Domesticas
1f867308a0ce13133a4e639ff4de0c02,Essentials Utilidades Domesticas
1f9ab4708f3056ede07124aad39a2554,Select Bebes Excelência
1fa2d3def6adfa70e58c276bb64fe5bb,Essentials Utilidades Domesticas
1fbe10c70e30765ed1de86d9f7e98409,Essentials Utilidades Domesticas
1fdc574883ef3b33ad41562d93f3a74a,Select Automotivo Excelência
1fddcb7b326905d3ad5efe82187db347,Essentials Automotivo
1fe5540d7c1c37a595fefbacd5570d9e,Select Informatica Acessorios Computers Excelência
1fe61aa5494bd3ae92a2c13e067c810f,Select Automotivo
2009a095de2a2a41626f6c6d7722678d,Essentials Informatica Acessorios Qualidade
2039c5e51785b5dde7cf93ccb3b7be2c,Select Utilidades Domesticas Audio Video Electronics Excelência
204b4e07bddef3c9b317f70189135b22,Essentials Cama Mesa Banho
2059c39f76271d4ca3f15b5ffaccc8b8,Essentials Livros Interesse Geral Excelência
20611af7866c6068fd5ae1f9dbe15c92,Essentials Bebes
2063dd1b9f568df1c16741ea7d3e6adb,Select Moveis Decoracao
2075d8cd4dd63ff12df0749a5866bb06,Essentials Cama Mesa Banho
2078fe5066350e7d220c0ad3a3bbc6c1,Essentials Moveis Decoracao
2089a6d640999f9b9141ac719b2af596,Select Esporte Lazer Excelência
20a7efa9721046319bdde5d60b6b5365,Essentials Esporte Lazer Qualidade
20a8b0dc55da94fe74d112082427c84f,Essentials Bebes Excelência
20b54c376b794ed028df09a3cd88e8dc,Essentials Telefonia Fixa
20cb7c2fde3e5bf10f0bbe7394e1c6a9,Essentials Moveis Decoracao Qualidade
20d53aad4fe5ee93a64f8839609d3586,Essentials Ferramentas Jardim
20d83f3ef0e6925fd74bfd59170babf7,Essentials Fashion Bolsas E Acessorios Excelência
20f0aeea30bc3b8c4420be8ced4226c0,Essentials Cama Mesa Banho
20fd2d2080ed85fa67fad3fcbb2c1813,Essentials Ferramentas Jardim
2138ccb85b11a4ec1e37afbd1c8eda1f,Essentials Telefonia Excelência
213b25e6f54661939f11710a6fddb871,Essentials Casa Construcao Excelência
213fafb0ca06fb3d5886579c2565791b,Essentials Cine Foto Audio Video Electronics
2156f2671501a81034d7d07f217609d0,Select Informatica Acessorios Excelência
217f005bb37ff3aeef5b2ae1788e75ba,Essentials Fashion Esporte
218d46b86c1881d022bce9c68a7d4b15,Essentials Esporte Lazer Excelência
218f991754f360af9c2daa5e0b8e990c,Select Utilidades Domesticas Qualidade
2199e7fe213c16213bf5d6a7eadc9a5d,Essentials Climatizacao Excelência
21c62b998a043ebe31161d38f84929fc,Select Automotivo Qualidade
21d59342ba150175ca2aa4f8faddeca6,Essentials Beleza Saude Excelência
21e83881401b92b49fb09a16d3852291,Select Ferramentas Jardim Excelência
2235cf78d3e2073a88146a9cb60f0dd0,Select Moveis Sala
226b05fe067266c59c15dae208213d06,Essentials Pet Shop Excelência
228e4c1a0be164f613d41c24345f9d2c,Essentials Utilidades Domesticas Excelência
229c3efbfb0ea2058de4ccdfbc3d784a,Essentials Informatica Acessorios Excelência
22a23e5ac7061fc538cc2a019afaaf16,Essentials Alimentos Bebidas
22c32ec35d0116ef02c281798a25bf8b,Essentials Esporte Lazer Excelência
2305ab43e846518f58dd9d59f3f54e96,Select Perfumaria Qualidade
232a6014e7b10cba61c6c2b2ea6bb4b0,Essentials Pet Shop Excelência
23613d49c3ac2bd302259e55c06c050c,Essentials Moveis Decoracao Excelência
236585a4ddb5fea9fa40233e2249ed91,Essentials Informatica Acessorios Excelência
2379bdc3888025689a9deb7b141507d5,Essentials Perfumaria Qualidade
238fac594e170b59c6d228f5a4f4f1d9,Essentials Pet Shop Excelência
23a0ffca143a15b9b5bbdb7d552f626a,Select Ferramentas Jardim Excelência
23c38debaffe4a25a30fdbd9b586a13f,Essentials Ferramentas Jardim Excelência
23ca5f678e0b3ea6c630b30fa8bf51ea,Essentials Eletrodomesticos Excelência
23d7c96d4a1160db1c726b248601b25a,Select Eletroportateis Excelência
23ff42c4bf1f8f16cddb19d8b972974a,Essentials Esporte Lazer
240b9776d844d37535668549a396af32,Select Telefonia Excelência
244b04680fdbded0acf5aebd9c92b44a,Premium Instrumentos Musicais
244c2f1bff6afe1f2eaf9bfe9b2aed38,Essentials Moveis Decoracao
247587846358bb1d2e4c6522020b36fe,Essentials Pet Shop
2493dc3f20131696a0ecdb9948051a8d,Essentials Cool Stuff Excelência
249f0e9905a6e06ad6c6bea7547ab9f6,Essentials Artes Home Decor
24a6daf925d9d591870a66660416de31,Essentials Livros Interesse Geral
24c1de8d9551c0b4fbc53317d53efda8,Select Esporte Lazer
2528513dd95219a6013d4d05176e391a,Select Casa Conforto Excelência
2528744c5ef5d955adc318720a94d2e7,Premium Agro Industria E Comercio
252e76235acb79183cfca6e34f13337d,Essentials Moveis Decoracao
253c025bab43881055aeecde5e2d8b77,Essentials Utilidades Domesticas
253f95b3a0e6983ae18aed49fbc2b845,Select Automotivo
257e61d3251fb5efb9daadddbc2cf7ca,Premium Bebes Excelência
258447aad3f7b01e2643c89f64dc5647,Essentials Beleza Saude Excelência
259f7b5e6e482c230e5bfaa670b6bb8f,Essentials Cama Mesa Banho Excelência
25be943a321c8938947bdaabca979a90,Select Moveis Cozinha Area De Servico Jantar E Jardim
25c5c91f63607446a97b143d2d535d31,Select Informatica Acessorios Excelência
25cf099de44674fde97473224f9d59ab,Essentials Automotivo Excelência
25debeafbce801fdd479539350185eee,Essentials Esporte Lazer
25e47381a6c510ddeb36084e33b89f0c,Essentials Cama Mesa Banho
25e6ffe976bd75618accfe16cefcbd0d,Essentials Brinquedos Excelência
262237171f48e85819065498cac80d7b,Essentials Esporte Lazer
2646baaf662d4d92ac48f047e35db92d,Essentials Automotivo Construction Tools House Garden Excelência
26562f211dd1364af2a8596dc945e8ae,Essentials Cama Mesa Banho
265fdc289dffa9f1ad801c74f7d0de47,Select Moveis Quarto
26785a546900236d66f2e4197c211158,Essentials Consoles Games Qualidade
269c5fc9fcadee614364c3620c30a1f9,Essentials Malas Acessorios Bags Backpacks
269cff2d3c8d205c11f37a52402ea93b,Select Agro Industria E Comercio
26af45f5dfd967225a832838aa4e24a3,Essentials Automotivo
26b482dccfa29bd2e40703ba45523702,Essentials Pet Shop
26bad72add1f86e08a776ce4ffdaf1ca,Essentials Alimentos Bebidas Excelência
26d6bbee02420494d471c9f6436929c0,Essentials Automotivo Excelência
26d8a1c7c75d513045798992ead43aa2,Select Perfumaria Excelência
26e13b6ff5b641b329e5524241ee2c93,Essentials Fashion Bolsas E Acessorios Excelência
26e2c91ef821e1ff8985f408788fe35b,Essentials Cama Mesa Banho Bed Bath Table Excelência
26e2e5033827d2ba53929f43e03d8ffe,Essentials Moveis Decoracao
26f6b7ab07be3e9e69ce82a6552efc19,Essentials Esporte Lazer
270297ead4c65a6cd2593960d2af6b21,Premium Moveis Decoracao Excelência
270572bb714b00531be85e16e1550f26,Essentials Cama Mesa Banho
2709af9587499e95e803a6498a5a56e9,Essentials Beleza Saude Excelência
270d3ef21830ad0ecf3a6c53d08a533a,Essentials Fraldas Higiene
271b8923c6a549e02d3c9fd1f8c0422b,Essentials Construcao Ferramentas Construcao Household Utilities
271c58a1d139c45eaf3316107c6d3a3b,Essentials Bebes Bags Backpacks Excelência
272f092de69afedd4d2969440b37f18f,Essentials Fashion Bolsas E Acessorios Excelência
2745f798279e0ed033addcc1474776d7,Essentials Esporte Lazer Excelência
276677b5d08786d5dce7c2149dcce48b,Essentials Utilidades Domesticas Excelência
278b6e0b20c4f61fefaa0577943d7a35,Premium Construcao Ferramentas Iluminacao
27a56ff04b34c2ba34ce6ba4d3b9d616,Essentials Market Place
282c7480173bb9c01dd41cc739fec010,Select Beleza Saude
282f23a9769b2690c5dda22e316f9941,Essentials Alimentos Bebidas Excelência
28405831a29823802aa22c084cfd0649,Essentials Artigos De Natal Excelência
28872dc528e978a639754bc8c2ce5a4c,Premium Utilidades Domesticas Household Utilities
289cdb325fb7e7f891c38608bf9e0962,Essentials Perfumaria Excelência
28a26ebce31d5918b181ede016fd693b,Essentials Beleza Saude
28c7d8743fbc8679f484868cc0fcaefb,Essentials Beleza Saude Health Beauty Excelência
28d162ab86bb49d719c32f0ee6186eaa,Essentials Esporte Lazer
28ea411b354f14b1a494be4e79f0ce02,Essentials Cama Mesa Banho Qualidade
28f10b1c5e5abb9d4857745bede6147c,Essentials Eletronicos Audio Video Electronics Excelência
28fb0829fd777877cdc350d25cb5bd5b,Essentials Beleza Saude
293dee954235e4e4e43f129313625ebe,Select Papelaria Excelência
2953ce3a88f5e3c3b696d77fc9e4c8eb,Essentials Livros Tecnicos Excelência
296729ffb9b684050dd24836dac4494a,Essentials Cama Mesa Banho Excelência
297d5eccd19fa9a83b2630071ff105e4,Essentials Utilidades Domesticas Excelência
299c89a525fee36c567f4fe72f038100,Select Agro Industria E Comercio Audio Video Electronics
29c322e3f09f886f8bacbe91dfbd979e,Essentials Automotivo
29e6e05b65f93bc224c644319dc52ecf,Essentials Bebes
29fe9f200d3fa0c668d2aa1ec7e08dfb,Essentials Telefonia
2a1348e9addc1af5aaa619b1a3679d6b,Essentials Automotivo Excelência
2a167ca73899c85001a837d8fb4962f6,Premium Construcao Ferramentas Ferramentas Entrega Rápida
2a261b5b644fa05f4f2700eb93544f2c,Essentials Moveis Decoracao Excelência
2a50b7ee5aebecc6fd0ff9784a4747d6,Essentials Construcao Ferramentas Construcao
2a5b78b41cd05baeac8df54c6606b92c,Select Beleza Saude Excelência
2a61c271b1ac763450d846849783e922,Essentials Beleza Saude Qualidade
2a6fbeaa7ab9e5d59a35841a8da71ce4,Essentials Eletroportateis Excelência
2a73cba571d90c694b7caca072ccf6ce,Select Moveis Decoracao
2a7c6c0b0d5efde2bf75ec1e1cec2d41,Essentials Moveis Decoracao
2a7dc43cecabf23403078e2188437d1d,Essentials Esporte Lazer Excelência
2a84855fd20af891be03bc5924d2b453,Essentials Papelaria Excelência
2aa3443d7bf9d9bb11133f420d75e083,Essentials Esporte Lazer Qualidade
2aafae69bf4c41fbd94053d9413e87ee,Essentials Papelaria Stationery
2addf05f476d0637864454e93ba673d5,Select Informatica Acessorios Excelência
2b03ac196f5ed62ac483960fe0fa3b65,Essentials Beleza Saude
2b1a40c1daabc6ca280c4b815c101841,Select Automotivo Excelência
2b2fed75b8e5ea3a052fc4c0825da485,Essentials Brinquedos
2b3b9ce054da76a7428df143a567b156,Essentials Moveis Decoracao
2b3e4a2a3ea8e01938cabda2a3e5cc79,Select Informatica Acessorios Excelência
2b402d5dc42554061f8ea98d1916f148,Select Brinquedos
2b5ed0c9139dae8883a200dfcb272ece,Essentials Papelaria
2ba91c7ad80ff88b23b7db823b43c233,Essentials Pet Shop Pet Qualidade
2bd05d410a8fd26dc4184a15f4f2f588,Select Cool Stuff Qualidade
2bdb95a56a36ebbc6640337ac5eac174,Essentials Beleza Saude
2be17df1c49978426251562096c3cc09,Essentials Fashion Bolsas E Acessorios
2bf28e311bba65237358230cabac3f15,Essentials Construcao Ferramentas Jardim Qualidade
2bf6a2c1e71bbd29a4ad64e6d3c3629f,Premium Relogios Presentes Excelência
2c00c85d30361cd2ced2969cffbbffa3,Essentials Bebes
2c2c9832d1bb38c5b0034a3b47d313ee,Essentials Perfumaria Health Beauty
2c3d56f92f360fb89d849b84e8f50eae,Essentials Beleza Saude
2c43fb513632d29b3b58df74816f1b06,Select Pet Shop Pet
2c4c47cb51acd5ea5db5e0ae0e26542a,Select Pet Shop
2c538755f1ca9540af144f266e70df6c,Select Automotivo
2c54051840f19eca309a5423cf22df36,Essentials Esporte Lazer
2c9005d8043aff18b8557ffb7b13cda4,Essentials Moveis Decoracao
2c9e548be18521d1c43cde1c582c6de8,Essentials Papelaria Excelência
2cb4700db635baa1c0d4f90ed27b6669,Essentials Bebes
2cb6eb1b7185064167657fa09f541105,Select Moveis Decoracao Home Decor
2cb98e27ce1c18abdb42209b34c382a7,Essentials Automotivo Car Accessories
2d20f1cd18725c91147da0791d498022,Essentials Utilidades Domesticas
2d22fc3089eb907b29ebff50581fb472,Essentials Casa Construcao
2d2322d842118867781fc737e96d59a1,Essentials Beleza Saude Household Utilities Qualidade
2d2c62bef4c8ba0dd74e0e228e808539,Select Eletroportateis Excelência
2d34636518ba88f5349b732fcf8ba2e4,Essentials Musica Computers
2d378dbb39815785238c0139c7647fb7,Premium Moveis Sala
2d42ebcda99fd55f6f4bc2f1ca035d50,Essentials Eletrodomesticos Home Decor Qualidade
2d50d6282f8aa2257819a77bfaa0efe0,Essentials Cama Mesa Banho Excelência
2d518637f53161b973e01f56ea4bb88e,Essentials Esporte Lazer Excelência
2d8cfba3fcd3170555941605edaa196a,Essentials Livros Tecnicos
2d9e8987a2ea5cf88dce330249043ff1,Essentials Moveis Sala
2dcf93836ae3ce0d7c93e2f10876467a,Essentials Utilidades Domesticas Excelência
2dd1fb6f0e42a2243b8a01e40cd41216,Select Esporte Lazer
2dee2ce60de9709b1a24083217181a1f,Essentials Perfumaria Excelência
2e0dba2da448400b1c11d7b4b22f32a4,Essentials Automotivo Excelência
2e13c71026e1a39ba5cc1b86dcb679aa,Essentials Esporte Lazer Excelência
2e1a7d075abe038c1b2743005fe42ff1,Essentials Beleza Saude Qualidade
2e1c9f22be269ef4643f826c9e650a52,Essentials Beleza Saude Excelência
2e2f44824ab87a0cb961f68bf4073e7f,Essentials
2e3be8a987a30d7544dbbda6861cc14e,Select Informatica Acessorios Qualidade
2e7ea2aafec5835e781b21d6d1faf1f1,Essentials Beleza Saude Health Beauty Excelência
2e90cb1677d35cfe24eef47d441b7c87,Essentials Eletronicos Excelência
2ea0861cc19e94cad86438c984c52da4,Essentials Artes E Artesanato Qualidade
2eb70248d66e0e3ef83659f71b244378,Select Relogios Presentes Excelência
2ec6e37d992a95eaddb3369dcbcc76d9,Essentials Utilidades Domesticas
2ee0a0689f2f6a72f35a7cb6033f6e7e,Essentials Fashion Bolsas E Acessorios
2eeb6531ee027a48d401e72bebdd87d3,Essentials Perfumaria
2ef086a599b597572aca4433b7ed6b3d,Essentials Beleza Saude
2f09f7d37a97956d11cc1a7cadd5262b,Select Esporte Lazer
2f1e7b90e01d9f086cbcb301c0c3d406,Essentials Construcao Ferramentas Construcao Qualidade
2f3d8b4c9e2ee165075331fea3f3095a,Essentials
2f4b0d3b9634b647d4edee577d7ebb7e,Essentials Perfumaria
2f4b9d112bfa44a214bc6cef085d17c8,Essentials Eletroportateis Excelência
2f73e04d12cdf0c945ded66bb3fcf6c7,Select Ferramentas Jardim
2f74af7a0ee5636f12c2336f9fffed47,Essentials Esporte Lazer
2f9b7ce230a057a98a9f5df5893ee36c,Essentials Utilidades Domesticas
2fa13c8bd5705d279f7ed5cc9ec61c68,Essentials Beleza Saude Health Beauty
2fb25ab44bdbeae6a4d816e0d0c9d500,Select Eletroportateis Excelência
2fdde51ad3e12f297da656d4fbd5d0b5,Premium Ferramentas Jardim Excelência
2ff6b7bff164ef05590a52734e1296da,Select Esporte Lazer
2ff97219cb8622eaf3cd89b7d9c09824,Essentials Utilidades Domesticas Excelência
3076499bbc033a927bf4a8a41bcf7fd4,Essentials Moveis Decoracao Excelência
3078096983cf766a32a06257648502d1,Essentials Brinquedos Excelência
30829ded4523ab9224b93bc49a62c95f,Select Informatica Acessorios Qualidade
3092c0b297aacfb4bb6e056ebe13b9b8,Essentials Utilidades Domesticas Qualidade
30a2f535bb48308f991d0b9ad4a8c4bb,Essentials Moveis Decoracao Excelência
30a81d8cf85fb2ada1b1b094c9583a95,Essentials Pet Shop Pet Excelência
30c7f28fd3a5897b2c82d152bb760c17,Select Brinquedos Entrega Rápida
312ba1d77e9c332ef21f9598b7f64cd7,Essentials Brinquedos
31344c16881c08a8a72c6d2eb29918c1,Select Moveis Decoracao Excelência
31561f325664a8a7aba4c8d0c3a9b3db,Essentials Automotivo Excelência
318f287a62ab7ac10b703ac37435a231,Essentials Cama Mesa Banho Excelência
31ae0774c17fabd06ff707cc5bde005f,Premium Agro Industria E Comercio
31be790e64fc99f8ff48ec2bd18a3104,Essentials Utilidades Domesticas Household Utilities Qualidade
31da954dc0855f2495c6310f70a2f931,Essentials Beleza Saude Excelência
31e60bf8d103ce47932a85f5562deb16,Select Malas Acessorios
31eec405c9bb71dec8e2629a92e764fa,Essentials Alimentos Excelência
323ce52b5b81df2cd804b017b7f09aa7,Essentials Papelaria Excelência
324583d68897f5ddbaf38f6248322176,Essentials Moveis Decoracao
325f3178fb58e2a9778334621eecdbf9,Essentials Beleza Saude Qualidade
327b89b872c14d1c0be7235ef4871685,Select Telefonia
3289d8c3eef4873f91ce0b1343c0dd58,Select Esporte Lazer Sports Leisure
328acb143b4a73aad6bee8e734f5d20d,Select Consoles Games
3296662b1331dea51e744505065ae889,Premium Portateis Cozinha E Preparadores De Alimentos
32b8764b4ef628b53608fc34011fcc13,Select Utilidades Domesticas Excelência
32e5635e63cb374eb63afdd242fb6134,Premium Eletroportateis
32f1bb9dfa65bc7df5c0d9d95a616be4,Essentials Utilidades Domesticas
32f83ffe11cd40f7adcf4eef171f52d9,Essentials Beleza Saude
32fdd5d44ecb43dfd6a24b9369eca144,Essentials Papelaria Excelência
3338e7a0710a195872be80e0d2423867,Essentials Moveis Decoracao
333c4210e76a1aa2ab817b99437e3ff1,Select Automotivo Excelência
3340ef1913fb70d28420f6ceb685c339,Select Informatica Acessorios Qualidade
334cab711dee080b079fa5779b584783,Essentials Moveis Decoracao
33576ec5412fb5905d876f12f33bfde6,Essentials Fashion Bolsas E Acessorios Excelência
3361277dc30b7cccdb0c286b24219756,Essentials Pet Shop Qualidade
3364a91ec4d56c98e44174de954b94f6,Premium Automotivo Excelência
33a17d60c64393351ebf1ef860f4e0f2,Select Utilidades Domesticas Excelência
33a6f4b1e7cdc205511e76ba1b6e0186,Essentials Cama Mesa Banho Excelência
33ab10be054370c254ddfcf0a6253422,Essentials Beleza Saude Excelência
33ac3e28642ab8bda860a2f693000e78,Essentials Esporte Lazer Excelência
33c51922b6e3c16b24a8f28e5833c99d,Select Perfumaria Excelência
33cbbec1e7e1044aaf11d152172c776f,Essentials Eletroportateis Household Utilities Excelência
33cbda8716511e27e556dff9d8418bf2,Essentials Cama Mesa Banho
33d677f27a69b84051204ee4ae76eaca,Essentials Alimentos Bebidas Food Drink Qualidade
33dd941c27854f7625b968cc6195a552,Premium Utilidades Domesticas Household Utilities
33fd411ed63a7c2f9005e3f065d9f85d,Essentials Beleza Saude
34056b8b55c1775a22af2331670a799c,Essentials Automotivo Excelência
340636a908b13bbe0f4fb63fbe1d0c03,Select Pet Shop
343e716476e3748b069f980efbaa294e,Essentials Livros Interesse Geral Excelência
3442033154be05bac582e173ef54fd12,Select Telefonia
344223b2a90784f64136a8a5da012e7f,Essentials Alimentos Bebidas
3442f8959a84dea7ee197c632cb2df15,Essentials Esporte Lazer
34675b28b826facfde119785bf287dc1,Essentials Automotivo
3481aa57cd91f9f9d3fa1fa12d9a3bf7,Essentials Moveis Decoracao Qualidade
3492e68f37fd1df87f4f2f2ea247f445,Essentials Automotivo Car Accessories
34a557286ead8fe75c989e0afcf7d98c,Essentials Beleza Saude
34aefe746cd81b7f3b23253ea28bef39,Essentials Alimentos Bebidas
34d1ca11b242c0fee2c834ae8d788566,Select Informatica Acessorios Qualidade
34f563c82a85b99ae9e6d60db5fc2e28,Select Construcao Ferramentas Iluminacao Audio Video Electronics
3504c0cb71d7fa48d967e0e4c94d59d9,Essentials Cool Stuff Qualidade
35281d148dcf7134bae913c57db4e6da,Essentials Utilidades Domesticas
353e21e8bf8de2722b4fae1636664b76,Essentials Automotivo
35857757f553273b1056c1cabdace7fb,Essentials Automotivo
3586b8580d9c917874e053a1bb37b5ff,Essentials Papelaria Excelência
35b96509602ec4b7da831b5cd73ff2c2,Select Esporte Lazer Excelência
35ef5aa32949680f627efec3c23e705c,Essentials Instrumentos Musicais
35fb511489d9ee3ee27a76debce9df06,Essentials Pet Shop Excelência
3606774ec64634822d78dc2db6d37045,Essentials Ferramentas Jardim
365e445f796710c3431557e85caa25db,Select Cool Stuff Qualidade
365e4bce19bda0082c3d15d83fdb8bcd,Essentials Esporte Lazer Excelência
36890be00bbfc1cdb9a4a38a6af05a69,Essentials Bebes Excelência
36a968b544695394e4e9d7572688598f,Essentials Informatica Acessorios Excelência
36f98ad67cc981f50ce8aed093d5783c,Essentials Eletronicos Audio Video Electronics Excelência
37303482a42fb700d8d127e70a9cd6c8,Essentials Brinquedos
373ee4a3a775a733770ca3f790b8b9ac,Essentials Esporte Lazer Qualidade
37515688008a7a40ac93e3b2e4ab203f,Essentials Consoles Games Excelência
376a891762bbdecbc02b4b6adec3fdda,Select Esporte Lazer Excelência
376d67b61dce0c990155286e7ae486a4,Essentials Beleza Saude
3771c85bac139d2344864ede5d9341e3,Essentials Cama Mesa Banho Excelência
377bc18334c78dd2f1535ef22a3ad225,Essentials Ferramentas Jardim Car Accessories
3785b653b1b82de85ab47dd139938091,Essentials Utilidades Domesticas Excelência
37be5a7c751166fbc5f8ccba4119e043,Select Cama Mesa Banho Excelência
37ceb404da208418c9032f0674e57804,Essentials Moveis Decoracao
37dd29b36c458d82f74a953c40c43645,Premium Casa Construcao Qualidade
38102b031c2a15e54623d711bfc753d3,Essentials Moveis Decoracao Excelência
381c83fdca332ea6afd896da20bf6e4a,Select Relogios Presentes Excelência
3820c6537b3853be1a0687d5a60807ec,Essentials Alimentos Bebidas
382229d1e840115ffe3dbf5ff460e417,Essentials Utilidades Domesticas Household Utilities Excelência
385799a1cddbd26dfeb9157356a42282,Essentials Esporte Lazer
38874e327ce94d11390b96eb42d61928,Premium Moveis Escritorio
389e45560e33d2d0747f949dcddbc08e,Essentials Automotivo Excelência
38af8acfd46ac4a7bf754e8ca6736664,Essentials Cool Stuff
38e679b9e0064cd94c6f035707344dae,Essentials Esporte Lazer Qualidade
38e6dada03429a47197d5d584d793b41,Essentials Papelaria Excelência
38f276ca6e7cc95a6d1bb55ac9e5550f,Essentials
3903c788ded8dc03b5ebab37a2f3e9a1,Essentials Beleza Saude Household Utilities
391bbd13b6452244774beff1824006ed,Essentials Esporte Lazer
391fc6631aebcf3004804e51b40bcf1e,Essentials Moveis Decoracao Excelência
392353362d22cc2c236e1ee81ff19890,Essentials Construcao Ferramentas Construcao Excelência
392e0502231ae2f8b29994ef6398cd77,Essentials Beleza Saude Qualidade
392f7f2c797e4dc077e4311bde2ab8ce,Essentials Automotivo
3935fe5fe0f82787a9dcb8deb62be09d,Essentials Informatica Acessorios Qualidade
3968920b9aa752ab98f7d5888c9252f2,Essentials Utilidades Domesticas Excelência
3969863bb8af7f72580b3b1ffd3a17b3,Essentials Esporte Lazer Excelência
397c4d0c005b6f41f90098ac724e28cb,Premium Eletroportateis Qualidade
3985a3c45be355a4c57fde108bfabd1c,Essentials Consoles Games
3986c0b54f6b748b75e7bd4e092aa3e5,Essentials Perfumaria Qualidade
398cb257329ef7af7f1943a8974a3cbc,Essentials Bebidas Food Drink Excelência
39a5005f2605cbdb4f9ac14485cabfd1,Essentials Automotivo Qualidade
39c763cca83e654764b7a4a650fb9b7c,Essentials Esporte Lazer Excelência
39d54ff918774174706fb065d7f9dc07,Essentials Automotivo Qualidade
39d61be7a92eb77b7da367bd4845bc0e,Essentials Moveis Decoracao Excelência
39f776d2974049026ff531fc42ef2a3e,Select Construcao Ferramentas Seguranca
3a1a1fec38dd360f15fc912e821e169d,Essentials Automotivo Excelência
3a3c180dd702a725bd0ba4117689239e,Essentials Pet Shop
3a3e46d10f74d8a6ca76e2b538f106a0,Essentials Alimentos Bebidas
3a4127e1ba7208ea37044c5092aae170,Select Telefonia
3a490ba60afa30ece0e7d50cfe74a4f0,Select Fashion Bolsas E Acessorios Excelência
3a52d63a8f9daf5a28f3626d7eb9bd28,Essentials Esporte Lazer
3a734b715d333a2588a3d54a0c9b8746,Essentials Telefonia Excelência
3a79f35a2344ede41af21267f61d5ec6,Select
3aa3c89ae3cd482385568be76120f63c,Essentials Automotivo Qualidade
3ab971ce71839580d2ae5b4e40fe8044,Essentials Utilidades Domesticas Home Decor Excelência
3ac588cd562971392504a9e17130c40b,Essentials Fashion Bolsas E Acessorios
3ade81dab5a172b88e1871c28ae05260,Select Moveis Quarto Qualidade
3afc536624bc2e65bddfb5db33cc01f3,Essentials Eletronicos Excelência
3b15288545f8928d3e65a8f949a28291,Essentials Cama Mesa Banho Excelência
3b18f9856c6eb2413eafedb58e9eecd9,Select Construcao Ferramentas Iluminacao
3b872fd4747f01cc56206f2934198618,Essentials Cama Mesa Banho Excelência
3bb32fedaa74e4ad20f4ce067733bd31,Essentials Esporte Lazer Excelência
3bb548e3cb7f70f28e3f11ee9dce0e59,Select Informatica Acessorios Excelência
3bdff180c7e1f6551a643b99c265a120,Essentials Informatica Acessorios Excelência
3be5841cdcc46de4ed3f9116f104b2c5,Essentials Construcao Ferramentas Construcao
3be634553519fb6536a03e1358e9fdc7,Essentials Utilidades Domesticas Excelência
3bfad056cf05c00dabe2f895925d83b1,Essentials
3bfba5a77604f6dfae7e6dd7aaf65821,Premium Beleza Saude Qualidade
3c010235b7345c92f125d14ee232a76b,Select Pet Shop Qualidade
3c03b12bab54d8b37d79d914bfdb1aa0,Essentials Esporte Lazer Excelência
3c3017960b2dbd72711a61f0400aab8f,Essentials Moveis Decoracao Qualidade
3c487ae8f8d7542beff5788e2e0aea83,Select Fashion Bolsas E Acessorios
3c4e0452bff7a2a788179488d3d77032,Essentials Brinquedos Excelência
3c7c4a49ec3c6550809089c6a2ca9370,Essentials Perfumaria Excelência
3c88ed2e76a2247933a15daa7161eb1c,Select Pet Shop
3ca08eeb8d5595949fed424bd3677742,Essentials Brinquedos Excelência
3cfa1358a6caa965278721344c8d76f2,Premium Casa Construcao Excelência
3d01d1c414c44b5943a09619ff3853cb,Essentials Bebes Qualidade
3d0cd21d41671c46f82cd11176bf7277,Essentials Cool Stuff
3d2400ac620cffa23ac81bd192f7f555,Essentials Construcao Ferramentas Ferramentas
3d2531eccfbde1d7c8db7a3a12fb267a,Select Beleza Saude Music Instruments Excelência
3d290fe363c60a77498c1126fd3fb8d3,Essentials Informatica Acessorios
3d39fbf22a665714baf62fae36029e23,Select Esporte Lazer
3d3ccf2b2f8134b10dce9dd446f0e075,Select Cama Mesa Banho Home Decor
3d4824f20035949c710eaf111f869d39,Essentials Musica
3d49bfdd1b43a7fe169b3740067acc61,Essentials Construcao Ferramentas Construcao Qualidade
3d4b1ae7539303b5704493798893e82c,Essentials Instrumentos Musicais Excelência
3d5d0dc7073a299e31fa718ce1bc00b6,Essentials Beleza Saude Health Beauty Entrega Rápida
3d621842b2ed28e2b474132480edac3c,Essentials Automotivo
3d62f86afa7c73be2628a3be1423f5a0,Essentials Livros Interesse Geral
3d68c634a99a1ba46dbca3967a69c623,Select Cool Stuff
3d700782d7818f2c1e0d7a9e9d75fc00,Essentials Pet Shop
3d871de0142ce09b7081e2b9d1733cb1,Essentials Papelaria Excelência
3d8fa2f5b647373c8620330c4e077a9f,Essentials Ferramentas Jardim Excelência
3da38366e7bd9baf6369071f782ecdf0,Essentials Automotivo
3db66a856d18a9cba7c9241fc5221c50,Essentials Automotivo Excelência
3dbbce181edfaa4a597ec858c382d2ec,Essentials Livros Interesse Geral Entrega Rápida
3dc69bf2c42f0568a5c4791ec3fd3745,Essentials Beleza Saude
3ded4e2d5f135cb103e5949d7263d2dd,Essentials Informatica Acessorios
3df020b72d3d44b3af9d110fa3940b65,Essentials Moveis Decoracao Excelência
3dfd3dc96f7f8598eca74e9ac8a2fa31,Essentials Utilidades Domesticas
3e35a8bb43569389d3cebef0ce820f69,Essentials Bebidas Food Drink
3e46a38ee171c503c3b4a3f23fe3bf0c,Essentials Beleza Saude
3e51f9cbe317bc3a88f2c76583811ee4,Essentials Beleza Saude Excelência
3e8bd881d92466e63ba9e3e809cd3c50,Select Consoles Games Qualidade
3ea00e1dea2b0659dbaf654735929220,Essentials Cool Stuff
3ea08c48e851106d2f584349daba335f,Select Bebes Baby
3ef37b7ca6dd2b80bd8af81a62504996,Select Cool Stuff
3f0e48d209018b466fcd3bb4ccfeb520,Premium Pet Shop Excelência
3f2af2670e104d1bcb54022274daeac5,Select Moveis Decoracao
3f3486b61f45078d4f31ee5e43d8c5bb,Essentials Malas Acessorios Excelência
3f8034bfc6b8b4135534975d49f04c63,Essentials Bebes Qualidade
3f8247d0f772ffa58560e5c682521ad5,Essentials Sinalizacao E Seguranca
3f84fefc07dc159b268d4a77d3e8c425,Essentials Beleza Saude
3f995f07c49d0d55a99d5c54957f7d81,Essentials Automotivo Excelência
3f9be91358837bff69df67edfa3e42e8,Essentials Pet Shop Pet
3f9c56764fabca627406093dcb3ef0b4,Essentials Esporte Lazer Excelência
3fac58ce0ad699020c7944d53c41329c,Essentials Construcao Ferramentas Iluminacao Excelência
3fadb4cba4c35bce6a7eaf9872d5623a,Essentials Beleza Saude Excelência
3faf68a3b0af94b10bac70d86077be49,Select
3fd1e727ba94cfe122d165e176ce7967,Essentials Esporte Lazer Excelência
3fe7120d6257285ac6a3ce7cb071ccec,Essentials Beleza Saude
3febca52652e7209509ccfe61cbde40e,Essentials Beleza Saude
3fefda3299e6dfaea3466ef346a3571a,Select Eletronicos
4003520d80d0bad1d5623f7aa3c63cda,Essentials Bebes
400f221ab83037c0ea78f1267da9624d,Premium Telefonia
402916f742e5c740cc751493d9cf5053,Essentials Beleza Saude Qualidade
403aa86912527d730337ffcb0fb096ab,Premium Telefonia
4049512728d969bec69f84088b012416,Essentials Esporte Lazer Excelência
404e1ba01358af4cd63f679b2c4d1fa1,Essentials Pet Shop Excelência
40536e7ca18e1bce252828e5876466cc,Essentials Cool Stuff
406740ee611378a662d274c7d8c43c4a,Select Informatica Acessorios Excelência
406822777a0b9eb5c50e442dd4cd3ec5,Essentials Brinquedos Excelência
4091f77d8c768fc3e81c20761471761d,Essentials Bebes
40d54b51e962dbe09cabbcfd33298dee,Select Beleza Saude Excelência
40db9e9aa57f7bb151bcda6b0f9bdbb7,Premium Automotivo
40ec8ab6cdafbcc4f544da38c67da39a,Essentials Utilidades Domesticas Excelência
411f3b52d857390502ee4e4d5ceabc2d,Essentials Construcao Ferramentas Construcao Qualidade
4125d9385a25e82d2f72d3a0fd55bc3f,Essentials Utilidades Domesticas Home Decor
412a4720f3e9431b4afa1476a1acddbe,Essentials Esporte Lazer
4170f6a9367e6b5d6401d03ce6d54569,Essentials Informatica Acessorios
417a1e6c7321084d2a0ae0d023cfad93,Essentials Utilidades Domesticas
41958cbd3335433c8740300e8cd600d5,Essentials Eletroportateis
41ab63a91b8b264e8c8780368bf1dd5b,Select Eletroportateis Excelência
41b14765bd56c8ad10971074380f9c0c,Essentials Informatica Acessorios Computers
41b39e28db005d9731d9d485a83b4c38,Essentials Cama Mesa Banho Excelência
41b86b552e54e3a7009596125aa8b167,Essentials Esporte Lazer Excelência
41c2bad7229b0c25e6becf179ebf63ff,Essentials Livros Interesse Geral Excelência
41c9d3997dd3c072c31139dc5bb5761f,Select Papelaria Excelência
41da412d33e8da4f22baf55cb1bde82c,Essentials Esporte Lazer Food Supplement Excelência
41e0fa5761c886a630994a55c12087e7,Essentials Beleza Saude
4200ddf1967c5e41e48db62bc6d4b5ac,Essentials Cama Mesa Banho Excelência
4221a7df464f1fe2955934e30ff3a5a1,Select Bebes Excelência
422be4cc81a457fdb46f47edeb968ae5,Select Moveis Decoracao
427165bf50f8ca07efc7bdc2bfcf1688,Select Beleza Saude Excelência
42b6488f5b8246d9141712abd4b1b693,Essentials Beleza Saude
42b729f859728f5079499127a9c2ef37,Essentials Beleza Saude Excelência
42bde9fef835393bb8a8849cb6b7f245,Select Brinquedos Excelência
42d4b7e70819438f5ada61c965e92d7e,Essentials Automotivo
42ef3192a9ff87a22d1867b74b3ee205,Essentials Brinquedos Excelência
42fa4ee7240e9b8eb4576358ec142ba7,Select Utilidades Domesticas Household Utilities Excelência
42fb44130ac3134cde8e35cf8ec7df25,Essentials Fashion Bolsas E Acessorios
430315b7bb4b6e4b3c978f9dfa9b0558,Select Utilidades Domesticas Excelência
4305fe92735c8a43d154ff6dd2b8d927,Essentials Esporte Lazer
431050a06a317f2b38168dec3dcd2b46,Essentials Beleza Saude
431af27f296bc6519d890aa5a05fdb11,Essentials Beleza Saude Excelência
4324dd16853115efb0fd9d0d131ba6f4,Essentials Informatica Acessorios Excelência
432c37c9dfba871172ec162e20118b8c,Essentials Cool Stuff Excelência
432c67955c0acd1fd6b0b5d678766a71,Select Beleza Saude Qualidade
43402bdf22aa2310e8f99e2f94f78628,Essentials Moveis Cozinha Area De Servico Jantar E Jardim Home Office Furniture
4342d4b2ba6b161468c63a7e7cfce593,Essentials Relogios Presentes Qualidade
436bf27f2f18474fc6047702e9f8a866,Essentials Bebes
4371b634e0efc0e22b09b52907d9d469,Essentials Esporte Lazer Excelência
43753b27d77860f1654aa72e251a7878,Essentials Moveis Decoracao
4391ea5c5990502176a1dcda44a2373d,Select Climatizacao
439a47cc365d6e3bd526812ea9de3c29,Essentials Cama Mesa Banho Excelência
43a1d4bab73b816e44ef4e4facd9f9b5,Select Beleza Saude
43a5d4a57af536fddc96d08be3afdfcb,Essentials Casa Conforto
43b2c864251aa0ce4030c746984e088a,Essentials Malas Acessorios
43f8c9950d11ecd03a0304a49e010da6,Essentials Consoles Games Excelência
44073f8b7e41514de3b7815dd0237f4f,Essentials Beleza Saude Excelência
440dd6ab244315c632130ecfb63827b1,Essentials Esporte Lazer Excelência
443d880f15cbd3572885e1d44bf2c478,Essentials Moveis Decoracao
4450bd8327d471c4a11a83d1445b1b62,Select Beleza Saude Qualidade
446cc09cdbb130904da114e807dbec40,Essentials Artigos De Festas Excelência
44717f64ec2a457979cf83c429077666,Essentials Construcao Ferramentas Iluminacao Handcrafted
447d377bdb757058acb569025ee18a93,Essentials Papelaria Toys
44ed138eca6214d572ce1d813fb0049b,Essentials Beleza Saude Health Beauty Excelência
44f091b5abab8018f682fce8124b85e5,Select Esporte Lazer Excelência
45213867cefbf2cd4c6177e10216a951,Select Instrumentos Musicais Excelência
4559697a8f7e637227c2eeaed843baff,Essentials Eletrodomesticos Excelência
455befea1bb853c75ccbca94cff26e5c,Essentials Beleza Saude Phone Mobile Qualidade
455c5640e8c5bd1b2ee85c0158f85727,Premium Instrumentos Musicais Qualidade
455f46ef09a9e45667e2981df84b5cc2,Essentials Eletronicos
457fe919b032a3f7dadba6fb92cf7855,Essentials Cama Mesa Banho Excelência
458c6fa920810ce2492da71bc26d9eec,Select Beleza Saude
458d868c9642f55f18f04e951a3fdde6,Premium Beleza Saude
45a3d05fb00435e52a28859dd03703b3,Premium Brinquedos
45ba18c210d42734ec52c0c1c574e9ee,Essentials Bebes Excelência
45c20d94d9171b0bcfab3c955e47d67b,Essentials Utilidades Domesticas Qualidade
45d33f715e24d15a6ccf5c17b3a23e3c,Essentials Bebes Excelência
461ff5303b6c9c1a4a07f40c5aece516,Essentials Beleza Saude
466222e777149751370e7e98fb623b0c,Essentials Automotivo
4677a5437afda5fa7140b927b07be1cc,Select Automotivo Excelência
46dc3b2cc0980fb8ec44634e21d2718e,Select Brinquedos Excelência
46ef1a25845fc051c2998d878354810c,Essentials Utilidades Domesticas
4736e9d642ef4257cd7622516931eb51,Essentials Esporte Lazer Excelência
47648caee88ccfe951fbb27fbf7b4cbe,Premium Automotivo
478bfe564db21eeb44386606aa30b650,Essentials Pet Shop
47efca563408aae19bb7206c2d969ea9,Select Automotivo Qualidade
47f55702f598c7c6cc8458b0fbc1c49a,Essentials
48162d548f5b1b11b9d29d1e01f75a61,Select Ferramentas Jardim Excelência
4830e40640734fc1c52cd21127c341d4,Essentials Utilidades Domesticas Excelência
48328ec9a579151d9cc6a86d4a59336c,Premium Cool Stuff
483ca627d131e18f988349b1655c0acd,Select Beleza Saude
48436dade18ac8b2bce089ec2a041202,Essentials Cool Stuff Excelência
485452467ff670447e84a8370c3fc898,Essentials Ferramentas Jardim
4867209cb29b56b92893d7bde3ce8012,Essentials Beleza Saude Health Beauty
4869f7a5dfa277a7dca6462dcf3b52b2,Select Relogios Presentes Excelência
48985c61529077fa4f1e38bcff0f2ed3,Essentials Beleza Saude Qualidade
48b6c3f4c6a93171da04b75313f2130f,Essentials Sinalizacao E Seguranca Excelência
48bad451945f5227341793478d6353ea,Essentials Livros Interesse Geral
48e5ee06fb2dc74df1c711a9b6dfac2a,Essentials Construcao Ferramentas Construcao
48e954b2da4f6a750c844173b347ed40,Essentials Bebidas Food Drink
48efc9d94a9834137efd9ea76b065a38,Essentials Fashion Bolsas E Acessorios Excelência
48fb026ed7455a42f5d3e9390ed5088e,Essentials Automotivo Excelência
49067458c68f7701fd334ce326accbe0,Essentials Construcao Ferramentas Jardim
4917cee8d902e13428c3ec4b1ca6f315,Select Eletrodomesticos 2 Excelência
491a5ada3aa1678414e990262c4bbdc1,Premium Dvds Blu Ray
49383af7ab774e4e8f3000f49c83dc4b,Essentials Cama Mesa Banho Excelência
4965a7002cca77301c82d3f91b82e1a9,Essentials Pet Shop
497709c2976a8fa308730a2dec5b0726,Essentials Papelaria
4978a02ea9c8be7a9b5480680f40334e,Essentials Construcao Ferramentas Construcao Qualidade
499185655c29ecfdbfe776ef7cf875b5,Essentials Cama Mesa Banho
4992e76a42cb3aad7a7047e0d3d7e729,Essentials Utilidades Domesticas Excelência
499ec63c58e51296c9cf57edcfe1c8a8,Essentials Informatica Acessorios Entrega Rápida
49cdc90518a4f82676b38b3c1aa43ff6,Select Automotivo Entrega Rápida
49e7217cfe4e427191c378ec626d8737,Select Utilidades Domesticas Qualidade
49f8d2ea7b718d0ce587d34207caf2b4,Essentials Pet Shop Excelência
4a1917ef994878940e1fb03eeb787ad7,Select Telefonia Fixa Phone Mobile
4a1f694197d05fe70026b016a7316b41,Essentials Moveis Decoracao Home Decor Excelência
4a23adac87cf538689fa600d976f78b2,Essentials Moveis Decoracao Health Beauty
4a3ca9315b744ce9f8e9374361493884,Essentials Cama Mesa Banho Excelência
4a3ccda38b2129705f3fb522db62ca31,Select Construcao Ferramentas Seguranca Excelência
4a5b36211b1f51bf7eaa5c10a57fa483,Essentials Automotivo
4a82168aaef173cbb6e46ae88728f919,Essentials Beleza Saude Health Beauty Excelência
4a82c4af97ffc0fb2dc26bfdc03b1842,Essentials Beleza Saude
4aba391bc3b88717ce08eb11e44937b2,Select Esporte Lazer Excelência
4aba6a02a788d3ec81c03137144d9a80,Essentials Beleza Saude
4b0fdb526525f9890eb145bf1534640e,Essentials Cama Mesa Banho Excelência
4b1eaadf791bdbbad8c4a35b65236d52,Select Consoles Games
4b39558c138930b9e5489c93b6df5fe3,Select Informatica Acessorios
4b5f66b7adcf57f1ecc0d3c07dd6b177,Select Informatica Acessorios Qualidade
4b90495391ac0bd181a80a459df1e718,Select Moveis Decoracao Qualidade
4b9750c8ad28220fe6702d4ecb7c898f,Essentials Bebes Excelência
4b98b0428fc1932cc2514ef9ce2505e6,Select Qualidade
4ba52dfeba874da5b9ee7b17c7494f04,Essentials Livros Tecnicos Excelência
4bc3d93e4a5f88a598d3d8ce4ae510b3,Select Informatica Acessorios
4bcec44888b30ba9001234c534716d3f,Essentials Beleza Saude
4bde6149c15cf7e177b36fa060dd6de8,Essentials Alimentos Excelência
4be2e7f96b4fd749d52dff41f80e39dd,Select Livros Tecnicos
4be6b962d83299498bae2190f95d6566,Essentials Eletroportateis Excelência
4be9ae93c4fc0f41713d71a4194ee1b3,Essentials Esporte Lazer
4bf2f4ee540798a61f9636d12cd9cc80,Select Fashion Underwear E Moda Praia Excelência
4bf658053d453036c70976bccb2c31b2,Premium Relogios Presentes
4bfc7a4a1cf8d4d2121c27422d9e50b5,Select Utilidades Domesticas Home Decor Excelência
4c03b9dd4c11ee2cb35c96c49efc9420,Essentials Brinquedos Excelência
4c18691b6037662be2df78a765d98ab5,Essentials Utilidades Domesticas Household Utilities Excelência
4c1c7281388a33dd06daac44f9fadbd1,Essentials Brinquedos Stationery
4c2b230173bb36f9b240f2b8ac11786e,Essentials Esporte Lazer Excelência
4c498c7345e89aebad651544829beca0,Essentials Perfumaria Excelência
4c4d546adf3c3868fe19c9ec6e9ffda9,Essentials Pet Shop Excelência
4c60877808f4318ef1107fbeb8f89afa,Essentials Informatica Acessorios
4c61e37f664c3c88aff092aa5ac779d7,Essentials Consoles Games
4c8545742faaf58fafd5fd14d25d75cf,Premium Automotivo
4c8b8048e33af2bf94f2eb547746a916,Essentials Cama Mesa Banho Excelência
4cc43a222a0f94910728b62b97a8c5f8,Essentials Perfumaria
4cc4fd4fdd406a85bbdc1f824b731bd7,Select Automotivo
4ce6e5f6c52515177e18c1c9361d8677,Select Automotivo
4ce8b55b4bfa4659184e7becc1fba3f2,Essentials Automotivo Excelência
4cf490a58259286ada5ba8525ba9e84a,Select Cool Stuff
4d0041cdbe51b4617d95c70b19decc74,Premium Automotivo Car Accessories Excelência
4d232b78ab7ef10393dc3807d827bc0d,Select Automotivo Qualidade
4d600e08ecbe08258c79e536c5a42fee,Premium Relogios Presentes
4d6d651bd7684af3fffabd5f08d12e5a,Essentials Esporte Lazer Excelência
4d6fb82c629c7a5028bfd973c07b05e0,Essentials Moveis Sala
4d8809767a5bafe22909c77951fb6b41,Essentials Moveis Decoracao
4d9fea3499bdc22aa4da4e339365f215,Essentials Perfumaria Qualidade
4da0e408c99d2fdc2126dc9fce518060,Essentials Esporte Lazer Excelência
4dab98ca6cd6d3df586203cefd28a042,Select Fashion Bolsas E Acessorios
4dbd95a08b31ede5c82d3f861cb1ce1a,Select Livros Interesse Geral
4dc2e811a1760953cb7c6a590b498943,Select Malas Acessorios
4dc646b9b9e8e411ef48ba000ea3ac6f,Essentials Perfumaria
4ddeb3e828550cddc8d45c8bc36ab2d1,Select Cool Stuff
4de6e4ba574aa9dfdc824bc44dc47fdd,Essentials Beleza Saude Excelência
4deebb3199eeafb282ae33229144f94b,Essentials Sinalizacao E Seguranca Excelência
4e06067cc08b3f41d837768d392c3ee3,Essentials Perfumaria Excelência
4e0d109ccfba9a1151c103049880c857,Essentials Relogios Presentes
4e17c65a516f69d023a2ae78b84f28d6,Essentials Perfumaria Qualidade
4e2627090e6e5b9fabba883a37897683,Essentials Moveis Decoracao
4e326052e5dbba8adcd512f3450a307e,Essentials Artigos De Natal
4e42581f08e8cfc7c090f930bac4552a,Essentials Moveis Cozinha Area De Servico Jantar E Jardim
4e480be820e37de1444325ff358c9296,Select Automotivo Car Accessories
4e5725ba188db8252977a4f0227bd462,Essentials Informatica Acessorios Excelência
4e6015589b781adaa5ce7f1892d06bb1,Select Esporte Lazer
4e7c18b98d84e05cbae3ff0ff03846c2,Essentials Eletroportateis Excelência
4e85b538b0dad58852641540686d0e14,Essentials Ferramentas Jardim
4e8dacf3d38f281ae26c3e0321d92d88,Select Utilidades Domesticas
4e922959ae960d389249c378d1c939f5,Essentials Informatica Acessorios Excelência
4e92348462c75b6c842b994ce84a0ed4,Essentials Beleza Saude
4ea2f12dbe91deeacd2c1e74f069a6e6,Essentials Perfumaria
4eb61f060e7dcc1d5a80d806c35cc541,Select Eletrodomesticos 2
4ebdc7e6cd6102a022dadc49156d4ea8,Essentials Moveis Decoracao Excelência
4eeb99008a0f59d2c7759c59f9a346eb,Premium Telefonia Audio Video Electronics
4ef4c39cf3c24f326434cf0b2e48046a,Essentials Esporte Lazer Excelência
4f0d637c1197fd65405ebd755ac9f86b,Essentials Beleza Saude Health Beauty
4f1f1c8666cdb6442f775c4e8caed465,Select Brinquedos Excelência
4f40d2ed38d1cc945364a7cd202a82c7,Select Brinquedos Entrega Rápida
4fae87d32467e18eb46e4a76a0a0b9ce,Essentials Construcao Ferramentas Seguranca Small Appliances
4fb41dff7c50136976d1a5cf004a42e2,Select Relogios Presentes Qualidade
4fe2f67634d00c021aa01f96b6f2d68e,Essentials Beleza Saude Food Supplement
5011f0d93373a4c5753adf58ca77af8d,Essentials Alimentos Bebidas Qualidade
503c1de08ae81a2d86f17951b204db55,Select Bebes Excelência
5058e8c1e82653974541e83690655b4a,Essentials Moveis Escritorio Excelência
5075aaa8404020ae6aa8bf4792099b41,Select Bebidas Excelência
50770d25768b0486d89be26afca3108f,Essentials Livros Interesse Geral
508808d438fe2ff972ed13bb8f4a82e2,Essentials Utilidades Domesticas Home Decor Excelência
50a7e551a7b3f8d37cd6e32d8bfbe5ea,Essentials Bebidas
50bf89f1349bc0409a268c3a49678009,Select Moveis Decoracao
50c361bcf670d16f6df4d52de3dff924,Essentials Artes
50c9975695009e5e6473912e83a6d1da,Essentials Esporte Lazer Excelência
51209b446b2073894bdc0face6c73ffc,Essentials Moveis Decoracao
512d298ac2a96d1931b6bd30aa21f61d,Premium Instrumentos Musicais Excelência
513a54369b6a8a6602fcb0e129c6d78d,Essentials Informatica Acessorios Qualidade
5145090ab595c0d0b8557199f5701fbf,Select Cama Mesa Banho
5151aea44289d6c6b090ee31c2132508,Select Climatizacao
515d781150feed28a6ac091bb0e3cb8c,Select Cool Stuff Qualidade
5160d23075764e18e07c1f4a87fad743,Essentials Brinquedos Excelência
516e7738bd8f735ac19a010ee5450d8d,Essentials Beleza Saude Health Beauty Excelência
51702dc2a3e106c76dbff722b5bf0726,Select Moveis Decoracao Excelência
5194c22ed1f616ec0c0f33c571542879,Essentials Agro Industria E Comercio
519a7aa428f18d125a283cf8c014fdd6,Essentials Moveis Sala
51a04a8a6bdcb23deccc82b0b80742cf,Select Eletronicos
51e0557bc7b86de13e946c60ee91ce39,Essentials Beleza Saude
51e4e89242cbb846c2deff3dc015650e,Essentials Ferramentas Jardim Excelência
51ed72984a04e5dd35c2b27e77179038,Select Eletrodomesticos 2 Entrega Rápida
51f108f62cb87d61918159902c8f8583,Essentials Livros Tecnicos
5206cc4bc2297c833e6061c49bf9c43f,Essentials Automotivo
52092ddbd3a58c450a4459bf051b2287,Essentials Esporte Lazer Qualidade
520b493b57809f446cb0a233bb3e25c7,Essentials Utilidades Domesticas Excelência
522620dcb18a6b31cd7bdf73665113a9,Select Consoles Games Excelência
5236605f4d4b0b3e4df85b850393fca0,Essentials Esporte Lazer Entrega Rápida
52454f90d4c30c016768db02f88c1a74,Essentials Pet Shop Qualidade
52562a9f449c3dc3d53f5f5b9ed74903,Select Construcao Ferramentas Jardim Excelência
525e75a6fb1454a2325ab1734bcec221,Essentials Automotivo Entrega Rápida
5275ca25d0358ca73864e0ae41be1320,Essentials Papelaria
527801b552d0077ffd170872eb49683b,Select Livros Interesse Geral Excelência
52831e5990d0771cb4951d6f12928167,Essentials Esporte Lazer
528bcf6680c36dddf07620bd35b33a6f,Select Beleza Saude
528ce32f560edd11add4169f6a5b65be,Essentials Utilidades Domesticas
52956b80ae65fda598f06f6b9943e7a9,Select Perfumaria
52a50b42accf164f9f019941e5759d9b,Essentials Alimentos Bebidas Food Drink Qualidade
52a52b9f656520e99716f5bc40f661c8,Essentials Moveis Decoracao Excelência
52ac6f920b7280e4c6d30dd94de6259b,Premium Moveis Escritorio
52b53f7061969fe471d119b6195da864,Essentials Perfumaria
52bb00821bcdd358a5a5a27e1f6be5a1,Select Instrumentos Musicais Entrega Rápida
52d76513f0c4d97f3b99570e2c94ee31,Select Eletrodomesticos 2 Excelência
52f0fe436a347ddad7ed5f9aa4e27eaa,Essentials Informatica Acessorios Excelência
52f6f9f13ba19504c02781132a049e75,Select Moveis Decoracao
52f976b17ea7f2f087f56dcc419328f6,Premium Esporte Lazer
52f9db5cfb423382a2fa5c9e39303202,Essentials Eletrodomesticos Excelência
5305693ffae2d3463377b1f6fe67b15a,Essentials
53088c75f948b48a7ece173ac17f0c12,Essentials Beleza Saude Health Beauty
530ec6109d11eaaf87999465c6afee01,Essentials Esporte Lazer Excelência
53243585a1d6dc2643021fd1853d8905,Premium Telefonia Excelência
53336f97ddbe53e2a617d07b17447b95,Premium Eletrodomesticos 2
533d46c1b06970e99f09523a61df4972,Essentials Eletronicos Qualidade
5343d0649eca2a983820bfe93fc4d17e,Essentials Moveis Decoracao Excelência
534a01cc6df1e034e05c32028a291fa2,Essentials Utilidades Domesticas
535bf14f36346c7f59d87cece104d70c,Essentials Construcao Ferramentas Iluminacao Home Decor
537eb890efff034a88679788b647c564,Essentials Moveis Decoracao Excelência
538caafddff204241cecbf3a02e6b3cf,Essentials Bebes
539ed9e19811677513447759be5eccfc,Essentials Construcao Ferramentas Construcao Home Decor
53b0300ca793f9834cd69c0678d35ee8,Select Construcao Ferramentas Construcao
53d00c40e32aeb924a84ce72b1af869d,Select Cama Mesa Banho Excelência
53e4c6e0f4312d4d2107a8c9cddf45cd,Essentials Utilidades Domesticas Excelência
54065e9aef7e9e9c2dc23b7594db021a,Premium Cool Stuff
5415337f1863452476d42d9f14a16a61,Essentials Moveis Decoracao
54219883e72aad869adfb2a54b7bfa0f,Premium Brinquedos Qualidade
542917da124346b47ea1ac79a93ce454,Essentials Beleza Saude Excelência
5444b12c82f21c923f2639ebc722c1ea,Select Utilidades Domesticas
544863df86ed3b78a04e0820d41430ee,Essentials Papelaria
54583ab379489add547fe47b628db589,Select Bebes Baby Excelência
54965bbe3e4f07ae045b90b0b8541f52,Essentials Cama Mesa Banho Excelência
54a1852d1b8f10312c55e906355666ee,Essentials Esporte Lazer Excelência
54aa8463e87776b5612f4bdc4bd5d4de,Essentials Telefonia Fixa Qualidade
54c04bdb5ec46762f8f08c7e8f86ed4a,Select Esporte Lazer Food Supplement
55029529919c0123526150bd26ca8f20,Essentials Esporte Lazer Excelência
553a440137d6e0cf776aee0bb83ac9f5,Essentials Brinquedos
5563732abe64c3036cb97ad924128dd1,Essentials Beleza Saude Qualidade
5566627eab3fe93fd6ee08798226101a,Essentials Perfumaria Qualidade
556a6409838156ea299c9d1f9e2dde43,Select Utilidades Domesticas Household Utilities Excelência
557f22c76691849db52d2abccf0015d0,Essentials Informatica Acessorios Qualidade
5587130f9850696ed7fafbc91c2cee44,Essentials Utilidades Domesticas
559d56f3b8f0bc2e5a9a62fe2ce2a39f,Select Bebes
55a5b51f93f2b70ea513f5a047b0262a,Essentials Esporte Lazer Qualidade
55bb6fe5bebe5012e2d7d9928e1128ff,Essentials Papelaria Qualidade
55c26bcb609f480eb7868594245febb5,Essentials Papelaria Baby Excelência
55c96925041a14097b6a7825554f4ad5,Essentials Moveis Decoracao Excelência
55d3daac7c404d59e51c2aa2f4dc5a23,Select Sinalizacao E Seguranca Qualidade
55dedd83e501d8248880557d9073cbfd,Essentials Beleza Saude Excelência
55f7a3319d80f7fdf078b8f03e6725fe,Essentials Automotivo Qualidade
562f8cfc51f265411f487d07e9c40e7f,Essentials Cool Stuff Qualidade
562fc2f2c2863ab7e79a9e4388a58a14,Essentials Telefonia Excelência
5656537e588803a555b8eb41f07a944b,Essentials Eletronicos Excelência
5659d77e8d90378e39b960ad5956f64e,Essentials Beleza Saude
56642bcb79900e777d68e91915cb4267,Essentials Beleza Saude Excelência
5670f4db5b62c43d542e1b2d56b0cf7c,Select Perfumaria Health Beauty Excelência
56a8b450e802502ba53a9885ee38e29f,Essentials Ferramentas Jardim
56db5c0782e8f7ddc9343f9576ff6d16,Select Climatizacao
56e361f411e38dcef17cdc2a3d99628b,Essentials Informatica Acessorios Audio Video Electronics Qualidade
56f413900b5166ab4d730e9ac0b12cb0,Essentials Esporte Lazer Excelência
570d4583587a5fe2d47c7be89b91ad27,Essentials Beleza Saude
5721089ba9214e80074f27d5a03fc0eb,Essentials Cool Stuff
5733d806668f8712c24b9abaefbfa642,Essentials Casa Construcao
5741dc2bf5044c34d0698681c5081bed,Essentials Perfumaria Excelência
575df70bde3f9f2b30bf8d2e9910d725,Select Moveis Decoracao Qualidade
577719699805dd125d5b6fdde5943bba,Essentials Utilidades Domesticas Excelência
578460d8319c51dab351cd9db95eadfe,Select
578fa3a9cb6b6dceab39231ad59cdaca,Essentials Livros Tecnicos
5795aebfe331fbcd02a2c4b679fb7952,Select Beleza Saude
579891617139df7d8671d373f0669622,Essentials Livros Interesse Geral
57a834594e1e9e9219603bfec184eadc,Essentials Pet Shop
57c764b4a836300be881e2ff86e449f9,Essentials Utilidades Domesticas
57d2ba47f7a3209aa347532ae75c1165,Select Esporte Lazer
57df9869a600bd6b7c405f2a862eccfb,Essentials Utilidades Domesticas Household Utilities Qualidade
57e632711dec9ec14ca7546769483e7e,Essentials Beleza Saude Excelência
57fe6232e67823593374a2281d7a8af8,Essentials Livros Interesse Geral Excelência
582d4f8675b945722eda7c0cb61ba4c7,Essentials Eletronicos Excelência
585175ec331ea177fa47199e39a6170a,Premium Pcs
586a871d4f1221763fddb6ceefdeb95e,Essentials Moveis Decoracao
5882820ef11c4c068eea0677a7a879b4,Premium Moveis Decoracao
5882f40daf39bc2a465e0cb453ddc222,Premium Telefonia
58b98ccb79873e04eac4357cacc590d9,Essentials Automotivo
58c851d1a3c7cd3da329eb59453fed44,Essentials Pet Shop Entrega Rápida
58e4b302b54937e55a678c4d15111da4,Essentials Beleza Saude
58f1a6197ed863543e0136bdedb3fce2,Select Relogios Presentes Fashion Accessories Excelência
59417c56835dd8e2e72f91f809cd4092,Premium Eletroportateis
594f9aaa48e5bf431f011ddc5669b0d5,Essentials Utilidades Domesticas Bags Backpacks Excelência
5962468f885ea01a1b6a97a218797b0a,Essentials Papelaria Excelência
596849622429351f47b32e6cae1055ff,Essentials Telefonia Phone Mobile Excelência
5996cddab893a4652a15592fb58ab8db,Premium Ferramentas Jardim
59b22a78efb79a4797979612b885db36,Select Utilidades Domesticas Excelência
59bbc819b99a733f02f0d6b49d1c253d,Essentials Utilidades Domesticas Car Accessories
59cd88080b93f3c18508673122d26169,Essentials Pet Shop Excelência
59cea8e446d3834393058e7e0666b6fb,Essentials Beleza Saude Small Appliances Excelência
59de1d4c8c057c2a53acd4ca66531af2,Essentials Informatica Acessorios
59fb871bf6f4522a87ba567b42dafecf,Select Beleza Saude Excelência
5a05a16bb50629ee31afab8a6d4c2674,Essentials Utilidades Domesticas Excelência
5a32c398a06c345440bf2a683b017ad3,Essentials Livros Interesse Geral
5a413ade68e8f8d93071a7f52a64cb9e,Essentials Beleza Saude Qualidade
5a4236931428800e9d9cc04af0987118,Essentials Utilidades Domesticas Household Utilities
5a425cc503b39b262a847fd6212bf53b,Essentials Brinquedos
5a6a02f419701fc8c605af71d4fc57a4,Essentials Livros Interesse Geral Entrega Rápida
5a8e7d5003a1f221f9e1d6e411de7c23,Essentials Moveis Decoracao Excelência
5a93f3ab0ef4c84ed5e1b5dbf23978bc,Essentials Bebes Excelência
5a9b3bcab695173c820e53934574ae80,Essentials Moveis Decoracao
5a9c0859cb00fd8aa4db443837f0a700,Essentials Beleza Saude
5aaa890629f83706d8d9bfecd8377c1c,Essentials Construcao Ferramentas Construcao
5ab05b6d86d417796c69ffd6774ec832,Select Beleza Saude
5abb8ea023c77787f2c15da891c8d384,Select Cine Foto Excelência
5acd070dd3fe441bbb2ec1f1ede515ee,Essentials Eletronicos
5b07547f10dd980738a1a27f685af669,Essentials Beleza Saude Excelência
5b0cc932433fa5184b5b94bfe6bcc256,Essentials Moveis Sala Home Decor Excelência
5b179e9e8cc7ab6fd113a46ca584da81,Essentials Utilidades Domesticas Qualidade
5b2e94f2c22b39ccc24d34ad0f669672,Essentials Automotivo
5b33b527da3c5b969cc99dc435cad09a,Essentials Eletronicos Excelência
5b35136197710e16ac5e7b7c2bd4ea85,Select Utilidades Domesticas
5b51032eddd242adc84c38acab88f23d,Select Moveis Decoracao Excelência
5b581417df4480f632484ba681e53944,Essentials Brinquedos
5b664594895aefb418afaee6d40a9a23,Essentials Construcao Ferramentas Construcao
5b67882648febfb6e1225e6ad7164f6b,Select Esporte Lazer Excelência
5b8154610ebb21fb90eb587365e673df,Select Informatica Acessorios Qualidade
5b85809efd0d0e4dea1a9544e1280ed9,Essentials Beleza Saude Excelência
5b925e1d006e9476d738aa200751b73b,Essentials Esporte Lazer Qualidade
5b92bfa4120daa27c574daa2e386c693,Essentials Automotivo
5b97c06a046398e7005b2b7c0d707a92,Select Instrumentos Musicais
5bba18b40e8c973b0f32e748004775b0,Premium Moveis Decoracao
5bc237df65098fe211bb4818f4d26d78,Essentials Informatica Acessorios
5bc24d989e71e93c33e50a7782431b0e,Select Automotivo Car Accessories Excelência
5bc55dbe2f12b6af6d83ed46023e0dc8,Essentials Esporte Lazer
5bf397d04035b5f45cc41e82ec106803,Premium Beleza Saude Household Utilities
5bffbafbb22daf6d3bfc216a46db8708,Select Informatica Acessorios Qualidade
5c030029b5916fed0986310385ec9009,Select Utilidades Domesticas Excelência
5c243662ce92d84573bfaff24c3e3700,Select Beleza Saude Excelência
5c3460cd3e8a984382ae254e7dd20d9f,Essentials Bebes Baby Excelência
5c603ffb38cbbf25a0e0698941324143,Select Automotivo
5c6d4016c2a288f074fa0848a2b653d2,Essentials Informatica Acessorios Qualidade
5c853bb56f70f4d14218944bae111d7a,Essentials Moveis Decoracao Excelência
5ca5d579b5857ee8709479b1047cecc3,Select Consoles Games
5cbbd5a299cab112b7bf23862255e43e,Essentials Utilidades Domesticas Excelência
5cf13accae3222c70a9cac40818ae839,Essentials Pet Shop Excelência
5cf1ec37aea089f45110c70653a166ab,Essentials
5d0363b33554b373851fc1622e4d5f3c,Essentials Automotivo Excelência
5d043cd5512d4bd2f88e5ccdd5736c38,Premium Esporte Lazer
5d378b73ab7dd6f0418d743e5dcb0bd1,Premium Qualidade
5d3bb11474a06bdc23fb9e89f1164ee0,Essentials Moveis Decoracao Entrega Rápida
5d505d2298ad549e4e4e835562fa0c1e,Essentials Esporte Lazer Qualidade
5d76d80a2f5f39c891b996a1bf4c9853,Select Perfumaria
5d9dc90a686a8fddacffab6bab5653a3,Select Esporte Lazer
5d9f3746e112e696f98ea22c56b3e912,Premium Ferramentas Jardim
5db42a6cd9bf1bf0d3aab9582767f168,Select Utilidades Domesticas
5dc203c7b84a0e71e878a179de05fb9a,Essentials Ferramentas Jardim Construction Tools House Garden Qualidade
5dc4bdaf869e8c77c648078cbe8d59c2,Select Cool Stuff
5dceca129747e92ff8ef7a997dc4f8ca,Select Malas Acessorios Excelência
5de1c80811ce7007f62f00d971236c09,Essentials Utilidades Domesticas
5debea795b07621e1f90532e18f96145,Essentials Beleza Saude Excelência
5def4c3732941a971cba8fdee992ede1,Essentials Construcao Ferramentas Ferramentas
5e063e85d44b0f5c3e6ec3131103a57e,Essentials Beleza Saude Health Beauty
5e105f5c9f63f5f1fd75d6cb942e55b1,Select Utilidades Domesticas Home Decor
5e106d93b717c2682b9383da480364a1,Select Informatica Acessorios
5e25c632f9db6cfb8bc100421c2737b6,Select Esporte Lazer
5e49e3a44bdeb5aab2684258bbd4f525,Select Esporte Lazer
5e9f5bd34e0830569f05c9d4f56e04a8,Essentials Malas Acessorios Bags Backpacks Qualidade
5ee7fd217d08dfe5d3e2f51f96a12c9a,Essentials Automotivo
5eeb9c756d9780b96283e5a2ac6da334,Select Esporte Lazer Qualidade
5ef131ac72773e5b3f6c0d63cf424657,Essentials Brinquedos Excelência
5f0057b677eb963672bf05dfa3f16c34,Essentials Audio Qualidade
5f06030071324cc52bf0304014ac7234,Select Cama Mesa Banho Qualidade
5f1dc28029d2c244352a68107ec2b542,Essentials Beleza Saude Excelência
5f2684dab12e59f83bef73ae57724e45,Essentials Brinquedos Excelência
5f26c1408a65b42a7224cd463bdf3292,Essentials Beleza Saude Excelência
5f3ae9136c875522250f8184f253413a,Essentials Livros Tecnicos Qualidade
5f57db27027655e6c6a391601daa0258,Essentials Automotivo Household Utilities
5f5a58930c3c35f3b5af264f34fb8c85,Select Construcao Ferramentas Construcao Air Conditioning Entrega Rápida
5f5b43b2bffa8656e4bc6efeb13cc649,Essentials Papelaria Excelência
5f67c6082caacb26e431a7b17940cece,Select Informatica Acessorios
5f7300535881cef3b625fd683cf7d145,Essentials Cama Mesa Banho
5fd924b4836098a5be0ecf81ba054ce0,Essentials Ferramentas Jardim Qualidade
602044f2c16190c2c6e45eb35c2e21cb,Essentials Cama Mesa Banho Qualidade
6025c79c035c3d772133b8b8238463b2,Select Automotivo Car Accessories
6039e27294dc75811c0d8a39069f52c0,Select Eletronicos Excelência
60562ab00b8054280520d390c8c0045c,Select Automotivo Excelência
6061155addc1e54b4cfb51c1c2a32ad8,Premium Pet Shop Pet Excelência
606ce7768feac12c5e8bd58db8b08f0f,Premium Relogios Presentes Excelência
609e1a9a6c2539919b8205cf7c4e6ff0,Essentials Cama Mesa Banho Excelência
60ad151920c4f6f3ebbe8cfdf6166779,Essentials Informatica Acessorios
60da8bfa7eebe230b7d66ac4082d79b3,Essentials Informatica Acessorios
610f72e407cdd7caaa2f8167b0163fd8,Premium Cama Mesa Banho Excelência
612170e34b97004b3ba37eae81836b4c,Select Eletronicos Home Appliances Excelência
612a743d294c27884fb7b80d2b19ba35,Premium Esporte Lazer
615005a3ef192c00c6f0e977cee3d2bc,Essentials Esporte Lazer Qualidade
615c3462099ffa940d37b17dfda19594,Essentials Beleza Saude
6179a28a13a726c29b3bf54c070dccab,Select Malas Acessorios
6187a137b2af59dfdbad8d9f8c373c14,Essentials Cama Mesa Banho Excelência
61b18775be84fb700a6b2d0ba097bf66,Essentials Pet Shop Pet
61b893c57e33626afb104d4112b1be76,Essentials Moveis Decoracao
61c36f0fc4a47f9532e5512b66668e62,Premium Relogios Presentes
61f159ef6da2d441951d2c0efa719362,Essentials Bebes
620c87c171fb2a6dd6e8bb4dec959fc6,Select Perfumaria Excelência
6219ba2359cfb97f2e38fd4c321eb309,Essentials Utilidades Domesticas
6235903333ba7de1928c869e268e5964,Essentials Bebidas
623ad9d0c1e14bb5464a8c72bff7b4af,Essentials Household Utilities
624f4ece8da4aafb77699233d480f8ef,Select Moveis Decoracao Excelência
626ab1cd96932367f0eeec2e47046c12,Select Ferramentas Jardim
62760d278921b5f352461620d68a9cee,Essentials Moveis Decoracao
6288c69c4ce638e59925e59193f98b16,Essentials Brinquedos
62c50c1af4dfdc4149d25c5222043d39,Select Telefonia Fixa Qualidade
62d977e2b2aee830de3e039a28490d12,Select
62de60d81c55c29d76a6bce418b31cef,Essentials Automotivo
630008e0f062605a415d694489f6f82e,Essentials Eletronicos
63191ead8d3b2f937cd1996fdcbbad20,Select Instrumentos Musicais Qualidade
63272377184e969942f7fff221be858d,Essentials Utilidades Domesticas
6338ea67c41078a46ad99cc009654956,Essentials Automotivo Excelência
633ecdf879b94b5337cca303328e4a25,Select Beleza Saude
634964b17796e64304cadf1ad3050fb7,Essentials Relogios Presentes Excelência
63704069d9bd3a75c1cf59babe56004a,Essentials Bebidas
638cba8be1fb599bbb76fd6948351eb3,Essentials Esporte Lazer Excelência
63a79f5a7eb5cb48a7e5787b141c7993,Essentials Brinquedos
63b464dbf392c7b80d12d932fa7cafed,Select Moveis Decoracao Excelência
63b9ae557efed31d1f7687917d248a8d,Essentials Moveis Decoracao
63bc58679c44e8a998792119fd7ad23e,Essentials Beleza Saude
63ffcb71394dd8ea3872ed9ffda17c74,Essentials Esporte Lazer Qualidade
640e21a7d01df7614a3b4923e990d40c,Essentials Cama Mesa Banho Excelência
6426d21aca402a131fc0a5d0960a3c90,Essentials Cama Mesa Banho Excelência
643214e62b870443ccbe55ab29a4dccf,Essentials Fashion Bolsas E Acessorios Excelência
643c01d7c56a724bec0454f4780e8a3e,Essentials Ferramentas Jardim
6481e96574816ead57975da2c0f6d80d,Essentials Agro Industria E Comercio Excelência
64b87978a11c1ea7501a89eabe8c2c1a,Essentials Beleza Saude
64c9a1db4e73e19aaafd3286dc448c96,Select Utilidades Domesticas Household Utilities
64cc804291f90c81f02bfc2bb58ff55a,Select Moveis Decoracao
651530bf5c607240ccdd89a30c9c9712,Select Fashion Bolsas E Acessorios Bags Backpacks Qualidade
651fe66032c9520ee5587f694908040d,Essentials Fashion Bolsas E Acessorios
6524b847b982cd56bb5d4b02b776ee42,Select Informatica Acessorios
6548c2550b6e2d8f18053216e1c7b6f3,Essentials Utilidades Domesticas Household Utilities Excelência
655220df33262c7e0c4949a147366f94,Essentials Malas Acessorios Excelência
6560211a19b47992c3666cc44a7e94c0,Essentials Relogios Presentes Excelência
6561d6bf844e464b4019442692b40e02,Essentials Esporte Lazer
6562efe88ce0826a4ca4f189f03b4b84,Essentials Moveis Decoracao
656591be56071d4c9ef4e5fee78a578a,Select Moveis Escritorio Qualidade
6576fd3e23c88f0e5d4d23f39bba0542,Essentials Ferramentas Jardim
657969cca82e884d272385ec0ef06edd,Essentials Esporte Lazer Fashion Accessories
659e8466eb3ff1b0e8740d74fb7bbedd,Essentials Beleza Saude
65a7c0788e4d632ccb5e1b594b87f0bb,Essentials Bebidas
65b081a070633e057c462abdd6fb9dd8,Essentials Perfumaria Excelência
65c255b299faf2d12050937cc219c46c,Essentials Perfumaria
65febd49fd28ec955651299159b1f527,Essentials Utilidades Domesticas Household Utilities Excelência
6601ee6383e7f452be71929f8de48bbb,Essentials Perfumaria
6614814a00d344b846ae209f95ee7e3f,Essentials Artes
661ad5fcc28cdfb8bcadb12bb2272475,Essentials Pet Shop Excelência
6624bc09786f0e41ae48dfc5eeb1a9e2,Essentials Ferramentas Jardim Excelência
6650fcccd8cd2f7e55ffa524f30c4c59,Select Malas Acessorios
666658b8da8370f30e1f89893b1de5e6,Essentials Ferramentas Jardim
668bf321538e5072858eaef6087ce027,Essentials Utilidades Domesticas Excelência
66922902710d126a0e7d26b0e3805106,Essentials Pet Shop Excelência
669ae81880e08f269a64487cfb287169,Essentials Esporte Lazer Excelência
66d5ae34537110d3affc56174dad2b2f,Essentials Construcao Ferramentas Jardim
66dc1b1632bd6a3e508510c5b3492107,Essentials Esporte Lazer Qualidade
66e0557ecc2b4dbea057e93f215f68d8,Select Consoles Games Excelência
66fd84ee7528c0c0de85d0f44a73d5ab,Essentials Informatica Acessorios Qualidade
670a9dda115b5a88b18cfadee8de2332,Essentials Fashion Bolsas E Acessorios Excelência
670c26e0f1bf8d0576271d5cfaec6d2b,Essentials Esporte Lazer Excelência
671585f5a2af58b6e276bc01003c0d2b,Essentials Utilidades Domesticas Household Utilities Excelência
67225bff54a172ff67579aaf583efd78,Select Esporte Lazer
674207551483fec113276b67b0d871ff,Essentials Utilidades Domesticas Household Utilities
6750d71153f00fc58829af2a8ef1bcf1,Premium Esporte Lazer Excelência
67883baaae6134ee81b271a542613728,Select Relogios Presentes Excelência
679769a98cfcc6da877c8486ff1c13f3,Select Beleza Saude Excelência
67bf6941ba2f1fa1d02c375766bc3e53,Select Moveis Escritorio Qualidade
67e43d802fde8cfd3f9580124f8167d1,Essentials Cama Mesa Banho
6806dad1da97bfb5a9038eac6881f706,Essentials Automotivo Excelência
681fce914360217db47784ae28905a96,Select Perfumaria Excelência
6824a69c9ea0313eba299dd4a2dba09a,Essentials Construcao Ferramentas Construcao Excelência
685b870da5b52a710782c9c0fefbeb5b,Select Instrumentos Musicais Qualidade
6860153b69cc696d5dcfe1cdaaafcf62,Essentials Construcao Ferramentas Construcao Excelência
6861de0f40cacb0602e473c51639f980,Select Moveis Escritorio Qualidade
686886775c8f6b1191c7b953fb52708c,Select Moveis Decoracao
6879c4d287a8dd06b11f54ea8f78e4da,Essentials Beleza Saude Excelência
688756f717c462a206ad854c5027a64a,Essentials Utilidades Domesticas Excelência
68ca56ce86830f3d31b1b7ec6a54da3e,Essentials Utilidades Domesticas
68f86ba270525243e68ae74044f992b9,Essentials Beleza Saude
6902157ee16728322d61a1321fa79e58,Essentials Telefonia Qualidade
693660429f9dc4ff704eb3d88dad54d7,Essentials Eletronicos Audio Video Electronics Excelência
695051e2981c8b19e77cafe450d5bdf3,Select
6973a06f484aacf400ece213dbf3d946,Essentials Informatica Acessorios Excelência
698624c6632eeba1774924dbea24c700,Essentials
6989574bd97d9773f10d232b6c07da59,Select Malas Acessorios Excelência
698f5fa55a5f73d0740e9d9a773e8093,Essentials Beleza Saude Health Beauty Excelência
69a43819c758c65a5befb0b471c954d7,Essentials Fashion Bolsas E Acessorios Excelência
69b5eaa096c3f9d1e5c398c597f567d6,Select Utilidades Domesticas Entrega Rápida
6a0cbc8af2e8abd1bdfb777943d174c6,Essentials Esporte Lazer Excelência
6a3139c7bf09ece22a4713d956acbe5e,Essentials Esporte Lazer
6a38087bc8ad4f89ff453561005f6dea,Essentials Informatica Acessorios Computers Excelência
6a51fc556dab5f766ced6fbc860bc613,Select Climatizacao Excelência
6a53b90c3ad9e0b56d9fe5c69165fff5,Essentials Bebes Fashion Accessories
6a8a889bde935bafa76d7848782dfaf9,Essentials Eletroportateis Excelência
6a8b085f816a1f75f92dbac6eb545f8f,Essentials Automotivo Excelência
6aa3928696eab49a19a466e665a649fd,Essentials Beleza Saude Health Beauty Excelência
6b15924333bd1a741595fe981ea04822,Essentials Beleza Saude Entrega Rápida
6b1c4d4d9ccf0be3d8544eb0e71e5318,Premium Informatica Acessorios
6b243f80ed07b10f0e8aa0f21a205f3c,Essentials Esporte Lazer Excelência
6b2612338467c08c9b25f0cc55b1578d,Essentials Agro Industria E Comercio
6b333a05bf188ef3e1f1662a86bd9855,Select Eletrodomesticos 2 Qualidade
6b3bd31ad8fcda4b2635ec9f3ff2ecdf,Essentials Esporte Lazer Food Supplement Excelência
6b536a23086fba0d58c08d68814397f6,Essentials Esporte Lazer Excelência
6b803197e03abd5056b4313306b4f29d,Essentials Alimentos
6b89abe95848c850399130d149a39b63,Essentials Excelência
6b90f847357d8981edd79a1eb1bf0acb,Essentials Beleza Saude Construction Tools House Garden Excelência
6b9b80d53ba3676eafe60268a810b5a1,Essentials Esporte Lazer Qualidade
6ba4733aa33f6386e9fb0c0fd3993b38,Essentials Brinquedos
6bb0724edf0b62fb91ac404873a97241,Select Eletronicos Excelência
6bb62a4912377c7bfe7cb17b406bc7e6,Essentials Construcao Ferramentas Seguranca
6bb66d9870c2e01c05655c7ed0e7ee13,Essentials
6bbcb8924baf70b7fe2fe2097e8cd407,Select Artigos De Festas Excelência
6bcb2352a2a0c38b845f598298ab9d26,Essentials Informatica Acessorios
6bd503a8230299c9316fb0f726933927,Essentials Perfumaria Health Beauty
6bd69102ab48df500790a8cecfc285c2,Premium Agro Industria E Comercio
6bef34c5be6f2bbd70aa5165f6df94b1,Premium Consoles Games Qualidade
6c12e40690c335dbc2f68a4134d30dc1,Premium Esporte Lazer Excelência
6c177e38df6d3f34182b1f1d427231bf,Essentials Telefonia Excelência
6c17baf138731a4aaacc3210adf2037b,Essentials Perfumaria
6c1b6d0c604b776f844125f911eb7377,Essentials Automotivo
6c6cc59a5c00cacc5054ca06d65cc282,Premium Pet Shop
6c6e3d67f969468f3bfd33f827a31222,Essentials Informatica Acessorios Qualidade
6c77cd583b36a13aacccf2b3ee23e233,Essentials Moveis Decoracao
6c7d50c24b3ccd2fd83b44d8bb34e073,Essentials Moveis Decoracao Excelência
6c9875b2f94ba781186f0c1aed8d1687,Essentials Pet Shop
6c99c983ce3b6ba0ab813e6790e81691,Essentials Brinquedos Toys Excelência
6cd68b3ed6d59aaa9fece558ad360c0a,Essentials Malas Acessorios Excelência
6cf476a4ca74498db55cbccdaa9dcfb6,Select Fashion Underwear E Moda Praia
6d04126aba80df143fd038e711b8fd96,Essentials Esporte Lazer
6d1b9c9579132c87d2703ec38c30f2c5,Essentials Bebes Excelência
6d22a1fcebb6dd08c9cd90b92a93e8d0,Essentials Beleza Saude
6d2f2e3b539480db1e0842b3a4e32e6e,Essentials Moveis Decoracao
6d66611d7c44cc30ce351abc49a68421,Essentials Instrumentos Musicais Excelência
6d7f8d9d594e28796b6b3205b00f459c,Essentials Moveis Decoracao
6d803cb79cc31c41c4c789a75933b3c7,Essentials Esporte Lazer Excelência
6d988d6174a2c27441597174f8905515,Essentials Utilidades Domesticas Excelência
6da1992f915d77be95d7fa48b36904af,Essentials Excelência
6dc9bec584588412a6a338830946a3e4,Select Moveis Decoracao
6dd7dce75cd55c1ce255dc38d9f0cd46,Essentials Cool Stuff
6ddc28b61be28373b4503a1f61cf98a9,Select Brinquedos
6df688df543f90e9b38f4319e75a9d88,Essentials Beleza Saude Qualidade
6e0908ef4d4efadbc3cc2b74ea477cb0,Essentials Moveis Decoracao
6e13dd869aa7185f601c941423abcc8f,Essentials Beleza Saude
6e1862e15f33d9994bc25922a85e1efc,Essentials Sinalizacao E Seguranca Excelência
6e2d3e2dc84fb30f6078f39dd3bddd6f,Select Instrumentos Musicais
6e386f64c84e482f0b9abf960797ee1b,Select Beleza Saude Excelência
6e4a902d1054e4e17aa6eab87fac1c75,Essentials Eletrodomesticos Audio Video Electronics
6e4f5ff6b086632ba8dcb558fb10249e,Select Eletrodomesticos 2
6e85dc5ecd97a61094b89b046a509d8e,Select Relogios Presentes
6e864f5c4669eff3d98140a07cc50202,Essentials Livros Interesse Geral Excelência
6eb94e1466490d327a09abf8f3552a50,Select Papelaria Qualidade
6ebf4eceee4dd9847201c82e77ef8123,Essentials Beleza Saude Health Beauty
6ec1a01e866584bb679eb9b098345919,Essentials Beleza Saude Qualidade
6edacfd9f9074789dad6d62ba7950b9c,Essentials Moveis Decoracao Excelência
6ee85be3693ed79a8e80718743d80655,Essentials Eletronicos Qualidade
6eeed17989b0ae47c9f11ece6f38ea90,Select Automotivo Car Accessories Excelência
6f1a1263039c76e68f40a8e536b1da6a,Essentials Alimentos
6f229cc508fc6915ed5c499efd93baa4,Select Esporte Lazer Excelência
6f835fd4be26989b1b064399da346143,Essentials Beleza Saude Audio Video Electronics Excelência
6f83d9e4da896daae20b9b6b2d3ff8d2,Essentials Utilidades Domesticas Household Utilities Qualidade
6f892e20a171e98efe17fdb971ff319b,Essentials Telefonia Excelência
6fa9202c10491e472dffd59a3e82b2a3,Premium Utilidades Domesticas
6fc26fe110feebd80a433e1f012a84f9,Essentials Moveis Decoracao Excelência
6fd52c528dcb38be2eea044946b811f8,Essentials Cama Mesa Banho Excelência
7008613ea464bad5cb9b83456e1e6a8f,Essentials Esporte Lazer Excelência
700f03c207639c22d933381ff60b35c2,Select Pet Shop
70125af26c2d6d4ef401a1d02ae7701f,Essentials Esporte Lazer Qualidade
70126eecc6aa1274392a1743866e9678,Essentials Artes E Artesanato
701938c450705b8ae65fc923b70f35c7,Essentials Moveis Sala Excelência
702835e4b785b67a084280efca355756,Essentials
7040e82f899a04d1b434b795a43b4617,Essentials Audio Excelência
70849ca4f400aaabb62cb7462a6f1428,Essentials Instrumentos Musicais Excelência
709e16e2b25c7474d980076c6bfc4806,Essentials Beleza Saude Excelência
70a12e78e608ac31179aea7f8422044b,Essentials Informatica Acessorios Excelência
70b52a4cfc823994561b00bad161b4ed,Essentials Automotivo Excelência
70bf57d811208f8923b41bbd499a67a4,Essentials Cool Stuff Small Appliances Excelência
70c0fda4c313d87115644d39e62eec60,Essentials Utilidades Domesticas
70c27847eca8195c983ed7e798c56743,Essentials Pet Shop Pet Excelência
70c4eedec9cb4a85cda2f3f9673557b4,Select Informatica Acessorios
70ee69419916dc13e3aed619061f996c,Essentials Moveis Decoracao
70eea00b476a314817cefde4aad4f89a,Select Esporte Lazer Excelência
70f7e8018e3d46c748c92f026aa2585a,Essentials Beleza Saude
70f84699be677ec988d1fa824aef7d90,Select Instrumentos Musicais Excelência
71039d19d4303bf9054d69e9a9236699,Essentials Brinquedos Excelência
710e3548e02bc1d2831dfc4f1b5b14d4,Select Moveis Decoracao Excelência
71271995e85f5b8530be99ed54a91b89,Essentials Utilidades Domesticas
712e6ed8aa4aa1fa65dab41fed5737e4,Select Automotivo Excelência
712efd3b68f9686dc856b84abd0f21ae,Essentials Bebes
7139dc5186aa238b006e066d8fbab2e4,Essentials Moveis Decoracao Excelência
713e3a23ca5e47786eb6f0d99f94cfac,Select Bebes
7142540dd4c91e2237acb7e911c4eba2,Essentials Automotivo Excelência
714b9a1332840f257b49f476bea4e341,Select Informatica Acessorios
71592660bbcb6a4664e97b6f8b68babc,Select Construcao Ferramentas Seguranca Excelência
71593c7413973a1e160057b80d4958f6,Essentials Climatizacao
715bbd5ba4e6b74cb0d2f29eb45058b0,Essentials Relogios Presentes Excelência
7178e1eaa97257d8b6d4b80efd77a025,Select Construcao Ferramentas Ferramentas
7178f9f4dd81dcef02f62acdf8151e01,Select Perfumaria Excelência
717b78b0950b51ed00b1471d858b0edc,Essentials Utilidades Domesticas Qualidade
718539d38d07dd351c76db862760e2e2,Essentials Pet Shop Excelência
71dc18fd8cbf5fd77f45dd8b427abb34,Essentials Ferramentas Jardim Excelência
7202e2ba20579a9bd1acb29e61fe71f6,Select Telefonia Excelência
720e6cf846ea7572cbb66b743fb91e6c,Essentials Beleza Saude
7210cd29727d674c00741e5e387b3ccd,Essentials Beleza Saude Car Accessories Excelência
72146da5774cabf2632faedcae097a76,Essentials Sinalizacao E Seguranca
7238a95bb63ef7e498389fb863b834a1,Select Bebes Construction Tools House Garden Excelência
7238f877570096ae403c51898fa64566,Select Cool Stuff Excelência
723a46b89fd5c3ed78ccdf039e33ac63,Essentials Automotivo
723cd880edaacdb998898b67c8f9da30,Select Cama Mesa Banho Bed Bath Table Qualidade
72431a818f97fe6ab9c81eee3e297e54,Select Automotivo
725af026f869236a8dd0ceb98564d156,Essentials Utilidades Domesticas Excelência
725c32fa80c2faacc4fc88450d27314e,Essentials Brinquedos Excelência
7299e27ed73d2ad986de7f7c77d919fa,Essentials Consoles Games Excelência
729b2d09b2a0bdab221076327f13d050,Essentials Beleza Saude Qualidade
729f06993dac8e860d4f02d7088ca48a,Select Utilidades Domesticas Excelência
72bc2cce903c872fe376a8faaa81d237,Essentials Livros Tecnicos Excelência
72c38a04bd6a1c3dbc5298425a0db86d,Select Informatica Acessorios Audio Video Electronics
72c5da29406b4234927b81855e7b64f6,Select Construcao Ferramentas Construcao Excelência
72c73be2b085b9d57650dd53eb2004c9,Essentials Automotivo
730937bf88cb151eb2eb849f642fc213,Essentials Esporte Lazer Excelência
7315baebc0572ff220d226283dc66728,Essentials Beleza Saude Qualidade
731ef20c231d9a7103a425e83fd91271,Premium Moveis Cozinha Area De Servico Jantar E Jardim
734def04b237117a09321dd6d8f3f2a2,Premium Brinquedos
7354220fb240bde543b3c40c060d41e7,Essentials Informatica Acessorios Excelência
7357b52d27cbaa90f81a96cbc1279396,Essentials Utilidades Domesticas Qualidade
739c7d7be81f63812dea0d1b1451c651,Essentials Utilidades Domesticas
73a63f72308aa20a46f4b1632018f196,Select Ferramentas Jardim Excelência
73b8eb4a9a729d4019b24ed1be748cbf,Essentials Automotivo Qualidade
73da1880b39c71de2b262bc7720c1494,Select Utilidades Domesticas
740205fedfe4e90ca6857bc77db0f2b4,Select Eletroportateis
7402d13c03a7e91366337cd1de471144,Essentials Moveis Cozinha Area De Servico Jantar E Jardim Excelência
741f8c587cb4248ebc5b779a0e8e0e51,Essentials Utilidades Domesticas Excelência
744dac408745240a2c2528fb1b6028f3,Select Relogios Presentes Excelência
74636e24f01da9268b0ed88dacd8513e,Select Esporte Lazer Toys
747c1cdcd1737dcfbd1547f6eb6f2cf3,Essentials Cama Mesa Banho
747e73c01a4593d4cf60dcf970fd2689,Premium Relogios Presentes
74871d19219c7d518d0090283e03c137,Essentials Esporte Lazer
7494d0dcba8551df6cf37f1b905dc2f7,Essentials Informatica Acessorios
749e7cdabbaf72f16677859e27874ba5,Essentials
74a9b9bddf14ece02beb81f52c41a88d,Essentials Brinquedos
74bafed391319577bce6f4d2acc0589a,Premium Beleza Saude
74c7dec0a384d8a05950e629bd23bde9,Essentials Perfumaria Qualidade
750303a20e9c56b2a6bc45cdce0b897d,Essentials Esporte Lazer Excelência
751bdc4d83a466c7206cd42e8f426b03,Essentials Esporte Lazer Excelência
751e274377499a8503fd6243ad9c56f6,Essentials Construcao Ferramentas Seguranca Audio Video Electronics
75745ef7bc7d4f3ea3380f6f5303f514,Essentials Brinquedos Excelência
7586919161935337bf6b6d7ff5779648,Essentials Esporte Lazer Excelência
75a4764c108403a7a0575140cb22287c,Essentials Utilidades Domesticas Qualidade
75d34ebb1bd0bd7dde40dd507b8169c3,Select Telefonia Excelência
75fbb52eda0cbc24f479d3b2fbfa8d3e,Essentials Dvds Blu Ray Qualidade
75fdd0a732287f9497b179f6bd445d32,Essentials Excelência
761681a821d8275bc79f552116d06869,Essentials Ferramentas Jardim Home Decor
762ed976527cddf02787edba70fffa2a,Essentials Casa Construcao
762fafdaa57a532ee0119731697579dd,Essentials Brinquedos Toys
76623fde66e6b63b59440fd34160512d,Essentials Fashion Bolsas E Acessorios
7681ef142fd2c19048da7430856b5588,Select Industria Comercio E Negocios Excelência
76833248bbc0e65a0293ec62023e4396,Premium Industria Comercio E Negocios
768a86e36ad6aae3d03ee3c6433d61df,Essentials Brinquedos Excelência
768de2a4fc06aacecb9a586ccc30746a,Essentials Cool Stuff Qualidade
76c47a299e4a8fe992316a85865acbe9,Essentials Beleza Saude
76d336555bb25f3165d2f0d6da719c40,Select Esporte Lazer
76d5af76d0271110f9af36c92573f765,Select Esporte Lazer Excelência
76d64c4aca3a7baf218bf93ef7fa768d,Select Brinquedos Excelência
76de363de16dacc923eec8daf91df504,Select Cool Stuff
76ea5315acb3f5f7ade3cd261faf922a,Essentials Automotivo Car Accessories Excelência
77128dec4bec4878c37ab7d6169d6f26,Essentials Alimentos Bebidas Qualidade
7722b1df1b0e383e000397b2c11e3e19,Essentials Utilidades Domesticas Excelência
77530e9772f57a62c906e1c21538ab82,Essentials Moveis Decoracao Excelência
77714512e8d4dda9c234da8e3faf16e4,Essentials Construcao Ferramentas Construcao Excelência
777a0c55737f34ffeb78010f7542ab41,Essentials Beleza Saude Excelência
778323240ce2830d68aab11794e00bfb,Essentials Beleza Saude
77a515caa36327151d1cc6c32a9f00e1,Essentials Papelaria Stationery Excelência
77dcbb67ccb3659bd58eaf5661560a30,Select Market Place
77e4abfd739aed9c46480f90f81c0eb4,Select Papelaria Excelência
77fccaae319668a8ab6cd0fd16aec48c,Essentials Esporte Lazer Excelência
7813ea3ebd9411dc600b4dd01f7a97b9,Select Telefonia Excelência
7816cd9c5b1238e320545f5bf7eb80e8,Select Ferramentas Jardim Construction Tools House Garden
781a66c0d89e30814d49fe8b5e14cd07,Essentials Cool Stuff
782f78b632a43875dd5b53e3e49c9564,Essentials Moveis Decoracao
784ba75dd9d20200c4caed3d7a77141a,Select Papelaria Qualidade
78744a20ee2f80ba64f6804c25def2b8,Select Moveis Decoracao Qualidade
78813699ffac347fe27dba345a5f1551,Select Bebidas
788e857f317e53de488d393e65a80f45,Essentials Papelaria Bags Backpacks Excelência
788f22bafdd7ab0e1e79f19db72f16a4,Essentials Automotivo Qualidade
78a4d36f65a019172c6154468831a69f,Select Moveis Cozinha Area De Servico Jantar E Jardim
78ba5933c21686d1c2f64669c8c459e7,Essentials Cama Mesa Banho
78c99c6dff4eeae5be99bf635ed21e3f,Essentials Esporte Lazer Excelência
78ef7e885d17f35e2382a47aae8b8cce,Essentials Livros Tecnicos Excelência
7901646fdd36a55f564ffaf2dbccaaf7,Select Ferramentas Jardim Excelência
791cfcfe22fe4a771ece27f90017da92,Select Informatica Acessorios
79565f7d5603b24ddf07ade262547f2f,Essentials Automotivo
7957cac1a02f45d0a4a7e45626382ec2,Select Beleza Saude
7963e546f34e098b578f9ad102494601,Essentials Esporte Lazer
7994081388d55b9cf976c050653dd359,Essentials Informatica Acessorios
7994b065a7ffb14e71c6312cf87b9de2,Essentials Moveis Sala
79a679c36c08d606b3fd47ead9de109b,Essentials Bebidas
79b93a308a97792cf53ac75f46da00b5,Essentials Malas Acessorios
79ebd9a61bac3eaf882805ed4ecfa12a,Essentials Moveis Decoracao Excelência
79ed755314cfe6df0daef2c6cd3022cd,Select Ferramentas Jardim Excelência
79ee721b6f766066a80264402548d359,Select Informatica Acessorios
7a073a40a9d3f1fee8bc45670ea1e909,Essentials Moveis Decoracao
7a188843479798ca813108fa7b959286,Essentials Utilidades Domesticas
7a241947449cc45dbfda4f9d0798d9d0,Essentials Utilidades Domesticas Excelência
7a2d2949aea47fab95fd98d6c9f618b1,Essentials Pet Shop Qualidade
7a425d299613df3e613bcf9d2eaf5c49,Essentials Perfumaria
7a67c85e85bb2ce8582c35f2203ad736,Essentials Cool Stuff Excelência
7a704e63bb29c446869efde5d57524c8,Essentials Automotivo
7a91bf945c6fae0779f1c61ce97fe45c,Select Beleza Saude
7a9c12e235c36247c3c81f50d6ea9cea,Select Brinquedos Excelência
7aa4334be125fcdd2ba64b3180029f14,Essentials Brinquedos Excelência
7aa538dd6e114e503a2e6154ea352253,Select Portateis Cozinha E Preparadores De Alimentos Excelência
7ab0dd5487bab2dc835337b244f689fb,Essentials Cama Mesa Banho
7ad32824caee82087b3e2e5f33b1bf32,Essentials Cama Mesa Banho Excelência
7ad41305e96a6cab8294cd65891e9a86,Essentials Esporte Lazer
7adbd3210a7b3cc2235e225eef33574d,Essentials Utilidades Domesticas Household Utilities Excelência
7ade73f1b9b4e965f9009a4c3a7e2c15,Essentials Informatica Acessorios Household Utilities Excelência
7b07b3c7487f0ea825fc6df75abd658b,Essentials Esporte Lazer Excelência
7b0df942f46435babab05d49b744b2c4,Premium Instrumentos Musicais Excelência
7b1222c3624aa89b9558b50a2594188c,Select Brinquedos Excelência
7b3447b497e55af8c15fc7bd89d7b81a,Essentials Esporte Lazer
7b3f6ce5c6c22e9b96e7581ebf0df6e1,Essentials
7b7ed56ae755e2880f2b69632e839c1e,Essentials Utilidades Domesticas
7b7f91e98f8c6def45a1407923304402,Essentials Utilidades Domesticas
7b8e8ec35bad4b0ef7e3963650b0a87b,Select Climatizacao Excelência
7b98de631987e26dd6d803490c43a13c,Essentials Construcao Ferramentas Construcao Construction Tools House Garden Qualidade
7bac63f6603d382cc8d0832eb6c100a8,Select Esporte Lazer Excelência
7bb8fac2913a6064ec412e583c6d8b4d,Essentials
7bcd7c5f8631701474db233ccf1c094b,Essentials Esporte Lazer Excelência
7c1fea10b5b006671d608b1d7c446ec4,Essentials Telefonia
7c4402417d51474d4d0cda9557340e40,Essentials Utilidades Domesticas
7c4618c82226628831613e95e9c22f44,Essentials Esporte Lazer Qualidade
7c462184585ae80bd6e5774c62ce50f2,Essentials Bebes
7c4adcc13272c0e26fa23aac642adb7b,Essentials Automotivo Excelência
7c51de0ab286204ce75ff42bf7c10d92,Select Beleza Saude Food Supplement
7c5b05cbdb5542049f38d90d7815b97d,Essentials Livros Importados Excelência
7c67e1448b00f6e969d365cea6b010ab,Essentials Moveis Escritorio Excelência
7c9130f5f3729edd32aa059141d92484,Essentials Informatica Acessorios Computers Qualidade
7caa63f175b1cecbfaadd8b5ab9998c7,Essentials Cama Mesa Banho
7cb946b1ad19faebe28c3e86c2794ec3,Essentials Beleza Saude
7cf4ea70955b00d6b3c22542598e2715,Select Eletroportateis
7d13fca15225358621be4086e1eb0964,Select Relogios Presentes Watches Excelência
7d294cf9a6a69dc6a0c3e540fff0e039,Essentials Bebes
7d456afc660226829370f3173d14520c,Essentials Cama Mesa Banho Excelência
7d484ca289afaac6bf5fc6a1e96d2226,Essentials Brinquedos
7d76b645482be4a332374e8223836592,Essentials Telefonia Excelência
7d7866a99a8656a42c7ff6352a433410,Essentials Artigos De Festas Household Utilities Excelência
7d7d2b7a51328016102d4528c411d630,Essentials Utilidades Domesticas Home Decor Qualidade
7d81e74a4755b552267cd5e081563028,Essentials Construcao Ferramentas Construcao Construction Tools House Garden
7d948535954aaf8c5d39db007f74372e,Essentials Fashion Roupa Feminina
7daca0837f033a41a6f3428c18657533,Select Utilidades Domesticas
7dc8c42cc750eeafea6c85712ffee9bf,Essentials Utilidades Domesticas Excelência
7dc9a3355bae96dd82008b313d3a456c,Premium Pet Shop
7ddcbb64b5bc1ef36ca8c151f6ec77df,Select Cool Stuff Excelência
7dea6f73af847b42cc3985bd620f994d,Select Moveis Cozinha Area De Servico Jantar E Jardim Excelência
7df1fc11cc5cbc518b39faa60cf5d67c,Select Automotivo
7e1fb0a3ebfb01ffb3a7dae98bf3238d,Select Beleza Saude Excelência
7e26c750b4cb9f6766f58265ff9ebe95,Essentials Beleza Saude Excelência
7e3dde9ffba72d5340f9aaf09b4424be,Select Utilidades Domesticas
7e3f87d16fb353f408d467e74fbd8014,Essentials Informatica Acessorios Excelência
7e79d65b5c6f1f544b7daea036acf720,Essentials Brinquedos
7e93a43ef30c4f03f38b393420bc753a,Premium Relogios Presentes Excelência
7e959205cebc10adefcb331f934238a4,Select Relogios Presentes
7ea5bfa6c340f58f8e71fc1f0412b0d6,Essentials Bebes Excelência
7ecd59e5e20407131822c1a68ac59c1f,Essentials Papelaria Excelência
7ecef8194babfec876ca720714327841,Select Construcao Ferramentas Construcao Excelência
7f02656561b680def9986c0795a8a080,Essentials Utilidades Domesticas
7f152321c60a266edc53af1925ef96c1,Select Esporte Lazer Excelência
7f2617c58d5d06806987308b45654351,Select Esporte Lazer Excelência
7f35f9daf223da737b78738fbae4d977,Essentials Fraldas Higiene Qualidade
7f40d06aa0b5f1aa4f41af8c0480e2ef,Select Brinquedos Excelência
7f5e4d5efad7e44b91115dd1decb65f3,Essentials Informatica Acessorios Audio Video Electronics
7f7b8245c336066a1f9933c359f11d77,Essentials Beleza Saude Excelência
7fc87cc3e89b3d1d5cabdca32f8485aa,Select Moveis Escritorio Home Office Furniture Qualidade
7fdb0720c8d7c9075538b365dc8c3a22,Select Moveis Quarto Excelência
7fe21dd00d2f4943ae09525efa2fd674,Essentials Fashion Bolsas E Acessorios Qualidade
7ff588a03c2aeae4fbd23f9ae64b760d,Essentials Automotivo Car Accessories Excelência
800214c63934acd05d47e84214db8ba8,Essentials Malas Acessorios Entrega Rápida
80146bc52c4f6af5239b23de2a20262b,Essentials Moveis Decoracao
804287717b9156fb7a787acd9af4fac1,Essentials Brinquedos
8060d731897e33b5c5ae575ce1e209e1,Essentials Esporte Lazer Excelência
808d4348b916efa08e766ebad39f61eb,Essentials Perfumaria Excelência
8090490573c6c0aa343a7231ebcb8c86,Select Beleza Saude Excelência
809413606dbfe5deefd2db646693ef67,Essentials Alimentos Bebidas Excelência
80ceebb4ee9b31afb6c6a916a574a1e2,Premium Pcs
80cfd480be3eb6d6267139f5cb793555,Essentials Papelaria
80e6699fe29150b372a0c8a1ebf7dcc8,Essentials Esporte Lazer Excelência
80f2cf9abf6b5a0e5c612b5eea6646e6,Essentials Bebes
8132b9bd16876e1b0f8808d43825dd48,Select Esporte Lazer Excelência
813348c996469b40f2e028d5429d3495,Essentials Utilidades Domesticas Excelência
81336a0f57a33776419727a300249e90,Essentials Esporte Lazer Excelência
8160255418d5aaa7dbdc9f4c64ebda44,Essentials Cama Mesa Banho Excelência
817245bcc3badd82bbd222e0366951a6,Essentials Automotivo Excelência
81783131d2a97c8d44d406a4be81b5d9,Select Brinquedos
817f85dbb65aa3e70831d90fe75cdf89,Essentials Brinquedos Qualidade
8185694b58b2ba6de20fd41ae608bbea,Select Moveis Decoracao Qualidade
818d28f936e791926d33bcb6ee94ef79,Essentials Telefonia Entrega Rápida
81a1104df0f08b59c68aa5b03cfe398e,Essentials Ferramentas Jardim Excelência
81ed90f07c0bacb7594940ba2ef676aa,Essentials Cama Mesa Banho
81f89e42267213cb94da7ddc301651da,Essentials Perfumaria Excelência
820c7c9eaf76d2b226b6c242bcf3f34d,Premium Eletrodomesticos 2
820cc752a266cdc6c1a1e61dd4583330,Select Eletroportateis Excelência
821fb029fc6e495ca4f08a35d51e53a5,Premium Esporte Lazer Qualidade
822166ed1e47908f7cfb49946d03c726,Essentials Cama Mesa Banho Excelência
822b63912576852aea9a8436d72317b7,Premium Consoles Games
822bad9bc42b51213ba522fe87b7ab5d,Select Telefonia Excelência
827f8f69dfa529c561901c4f2e0f332f,Essentials Fashion Calcados Excelência
82921991ff5b557b045605b8bbf08d49,Essentials Telefonia
82bd0703a4aefd6b599e5bfdaed378fb,Essentials Beleza Saude Excelência
82cb9f452fe8334df74b22d37824b431,Essentials Eletroportateis Excelência
82e0a475a88cc9595229d8029273f045,Select Moveis Decoracao Excelência
830379336fad8c6f3b15a4a3ddb5c66e,Essentials Moveis Cozinha Area De Servico Jantar E Jardim
83353a83fd769dfafa4f21a72b15e3e5,Essentials Esporte Lazer Excelência
834f3294fba9f932f56edc879193f925,Premium Cool Stuff Excelência
834f8533b2ecb6598dd004ff3de7203a,Essentials Pet Shop Excelência
835f0f7810c76831d6c7d24c7a646d4d,Essentials Utilidades Domesticas Excelência
83645b1645cdee8953ee54c29ceed564,Essentials Bebes Excelência
8378eb36b6b70c5734e83ad7b8cdc3b7,Essentials Casa Construcao Excelência
83a75eea11694e36e56dd0cb2240229a,Select Excelência
83b08de96980757220871b31bf6cffca,Essentials Construcao Ferramentas Construcao Excelência
83c465a786b06574376909b35ef6752a,Essentials Cama Mesa Banho Handcrafted Excelência
83c8aafbefb034674a70de0eac5b8954,Essentials Automotivo
83d458c0d6d4f94295d63f091460bd60,Essentials Brinquedos
83d7070a0b9a8b4625fa8682b819fabb,Select Fashion Bolsas E Acessorios
83deb69e889cf80f82be1dc6d5f2d486,Essentials Instrumentos Musicais Excelência
83e197e95a1bbabc8c75e883ed016c47,Essentials Livros Interesse Geral Excelência
83f2b4881141ce3fcd4e985125d3279e,Essentials Bebes
8444e55c1f13cd5c179851e5ca5ebd00,Select Perfumaria Excelência
845e8036c3f7bf62099352f5ed910240,Essentials Cama Mesa Banho Bed Bath Table Excelência
8476243f92442881ddd5b578975cf115,Premium Telefonia Audio Video Electronics Excelência
84c945f15571830c1a91a33978e94009,Essentials Utilidades Domesticas Excelência
84deb808079d1be601c209c1e771b1cc,Essentials Beleza Saude Excelência
8501d82f68d23148b6d78bb7c4a42037,Essentials Automotivo
85044848b1b767db2a4a58526adef4b4,Essentials Telefonia Phone Mobile
850857dfac77488c307e2b1cbd84ab5a,Premium Climatizacao
850913d59ce317156b00f3705f1c3edb,Essentials Telefonia Phone Mobile Excelência
850f4f8af5ea87287ac68de36e29107f,Select Brinquedos Excelência
851773c885feb5e2da3b4f82bc2b17ce,Essentials Beleza Saude
855668e0971d4dfd7bef1b6a4133b41b,Essentials Bebes Excelência
8581055ce74af1daba164fdbd55a40de,Essentials Automotivo Excelência
85cc55e048b6bcc90c75afe7f0e72f72,Essentials Brinquedos Excelência
85d9eb9ddc5d00ca9336a2219c97bb13,Essentials Informatica Acessorios Excelência
85e7c62c1d6ea078c3897424f867a7c8,Essentials Pet Shop
85ecf03781da592876b7844acc1b729f,Essentials Beleza Saude Health Beauty
8602a61d680a10a82cceeeda0d99ea3d,Essentials Fashion Bolsas E Acessorios Excelência
8603f0038fe0e52fedd3382d266723de,Select Eletrodomesticos 2
8629a7efec1aab257e58cda559f03ba7,Essentials Informatica Acessorios
8629c241b3622ac12cd4118afdc8d394,Essentials Perfumaria Excelência
863d2ebcd347ce4922de7a0f9a5581d6,Essentials Automotivo Qualidade
8648b1e89e9b349e32d3741b30ec737e,Essentials Construcao Ferramentas Construcao Excelência
86649b1632b1c0e6c0bcb2c90a8b75d8,Essentials Beleza Saude
866558b3bccef2dbc6d29a2b5995016f,Select Moveis Decoracao Excelência
86bb7c4b535e49a541baf3266b1c95b1,Premium Brinquedos Entrega Rápida
86bf77bdb52e615674772d5817c6212f,Essentials Beleza Saude
86ccac0b835037332a596a33b6949ee1,Essentials Relogios Presentes Excelência
86ff3eaef0267069cc891a2ed9d10a17,Essentials Esporte Lazer Sports Leisure Qualidade
870d0118f7a9d85960f29ad89d5d989a,Essentials Moveis Sala Excelência
87142160b41353c4e5fca2360caf6f92,Essentials Informatica Acessorios Excelência
8759e7aedd644f487315e5860962f162,Select Eletrodomesticos Qualidade
876182d1918783bbe15233febfbd4926,Essentials Informatica Acessorios
87b4428a334b8f676fd9a7f3bf544fb5,Essentials Beleza Saude
87b740daf17b5d1be335a64164ec6842,Premium Esporte Lazer Excelência
87d30a6a0cbf89356e49324971ab1d24,Essentials Brinquedos Entrega Rápida
87d3c3aeb3ead335511b3ce315eb341e,Essentials Brinquedos Toys
87d73636a3acf123e842bb890a4db036,Select Moveis Quarto Household Utilities
87e24fc7052259b1f7f607d61c10d8be,Premium Telefonia
87f3e35268860433e13d577825aada95,Essentials Moveis Decoracao
880ce4951cf857ab1d9e0b75c1d856f4,Select Automotivo Car Accessories
880eda903e719a5f179f7e9fceb3a69d,Select Pet Shop
883dd81e82754ac2c65e9790a7db8c9a,Essentials Esporte Lazer
88460e8ebdecbfecb5f9601833981930,Essentials Informatica Acessorios Excelência
888faa8bfb0b159c37de6d898b961c31,Essentials Esporte Lazer Excelência
889009a0ed0bb52c87819941192931b8,Essentials Beleza Saude Excelência
88ae906ea2acf6971f26c3e8b7cb4357,Essentials Perfumaria
88af55b4a7ca402b27df16f7c7c9b5d2,Essentials Cool Stuff
88cd3681e0a2ba85e190f7d817629c4c,Select Automotivo Car Accessories
88cf19ec1fc2c58f161aee259d57142c,Essentials Portateis Casa Forno E Cafe Household Utilities Excelência
88ef59b51bdaa941d10a853429f2b6ce,Essentials Agro Industria E Comercio Audio Video Electronics
891071be6ba827b591264c90c2ae8a63,Essentials Fashion Bolsas E Acessorios Excelência
8931a84a914b3fe9b1ddaa4d704947ca,Select Perfumaria Excelência
8936ba0de1073ee888cb3185ae5dc661,Select Ferramentas Jardim
897060da8b9a21f655304d50fd935913,Essentials Informatica Acessorios Excelência
89757206b887aed36f3e18d858460fea,Essentials Papelaria Bags Backpacks Excelência
89a51f50b8095ea78d5768f34c13a76f,Essentials Perfumaria Health Beauty Excelência
89ad3263c0931c47f976d7c5778e60f6,Essentials Bebes
89bc797e2e29667aa035d4368f9b7f92,Essentials Telefonia Excelência
89c127985a8b130cfa45c1d36764017a,Select Portateis Casa Forno E Cafe
89d9a386b0b6e5fc8403071b03f7206a,Essentials
89dda63a3c907c468ec88c310ed91213,Select Informatica Acessorios
89de2d6f23e9746ff309705b23581faa,Essentials Livros Tecnicos Excelência
89f69225956f951295ca4c7fb1266553,Essentials Brinquedos Excelência
8a130737016f838139d31878787a39c9,Essentials Casa Construcao Excelência
8a1ff5c35f6595a73fef4c7b96e4908a,Premium Bebes
8a207b6080964f3c1fc9d35bd6096ba4,Select Moveis Quarto Excelência
8a2d12a90e92f012ce5226fc6592b653,Essentials Utilidades Domesticas
8a32e327fe2c1b3511609d81aaf9f042,Essentials Moveis Decoracao Excelência
8a40ae794fa3f9892cee24bd5af0488b,Select Telefonia
8a43128d7f9a3db592b866e6861a6cce,Select Automotivo
8a432f4e5b471f8da497d7dc517666e2,Essentials Cama Mesa Banho Bed Bath Table Excelência
8a87611c08849ffeeccab52aa798b6c7,Select Ferramentas Jardim
8a8835a43bda99fd37310ad76c457510,Essentials Automotivo Car Accessories Excelência
8a9260f2b0340411d6d2a56bcf4f7378,Select Alimentos
8ab42aa58097fd4668d60cc648225d5f,Essentials Cama Mesa Banho Excelência
8ae520247981aa06bc94abddf5f46d34,Select Relogios Presentes Excelência
8b11118053756a9a2932f447e11fc1b5,Essentials Telefonia Fixa
8b181ee5518df84f18f4e1a43fe07923,Essentials Beleza Saude Health Beauty Qualidade
8b2492b7ff4468839593fafeed55bad9,Essentials Beleza Saude Excelência
8b28d096634035667e8263d57ba3368c,Essentials Beleza Saude Excelência
8b2d4ab22f42c5cfc338b846decfda60,Essentials Esporte Lazer Excelência
8b321bb669392f5163d04c59e235e066,Essentials Eletronicos Excelência
8b655f0855926bcb49f5835d38dfddf6,Select Papelaria Excelência
8b87cd0d43d49b9bdf40f56229364d59,Select Bebes
8b8cfc8305aa441e4239358c9f6f2485,Premium Cool Stuff Excelência
8b9d6eec4a7eb7d0f9d579ce0b38324d,Essentials Moveis Sala Excelência
8bb48dc19fccaa8613b6229bf7f452a2,Essentials Construcao Ferramentas Jardim Excelência
8bd0e3abda539b9479c4b44a691be1ec,Essentials Beleza Saude
8bd0f31cf0a614c658f6763bd02dea69,Select Moveis Decoracao Excelência
8bdd8e3fd58bafa48af76b2c5fd71974,Select Brinquedos Excelência
8c0de775f52fe41590b376a3b7c50f68,Essentials Esporte Lazer Excelência
8c16d1f32a54d92897cc437244442e1b,Essentials Informatica Acessorios Excelência
8c351ed7c326c62123318f4f3246e906,Essentials Informatica Acessorios Excelência
8c3b533c63cca56240f94f1e3a6b18ef,Select Moveis Decoracao
8c5e007d7bd5693fa1386ffefbc99f6c,Essentials Beleza Saude Qualidade
8c91bfea4263b8fba54081460693e2a1,Select Beleza Saude
8c9348f33ae3dada25c99c99ade2af78,Select Ferramentas Jardim Construction Tools House Garden Excelência
8ca1551acf9832a4cf467bbbac15851f,Select Moveis Decoracao Excelência
8ca5b19e0263150d2c57afdde2b3d011,Essentials Utilidades Domesticas
8cb7c5ddf41f4d506eba76e9a4702a25,Essentials Esporte Lazer
8cbac7e12637ed9cffa18c7875207478,Essentials Cool Stuff Excelência
8cc6a0e5738e61a87b03c78b2ba9db4b,Premium Papelaria Excelência
8ccf3cf69651cc1d8a02c8bfaf3b8568,Essentials Informatica Acessorios
8cf21434553b02cbd37c0bbd07e041b0,Essentials Automotivo
8d46553a36e68f95350a200c12f8f2e2,Essentials Perfumaria Excelência
8d79c8a04e42d722a75097ce5cbcf2ef,Essentials Alimentos Excelência
8d899e15a5925f097cca50faa49b15e3,Essentials Moveis Decoracao Qualidade
8d92f3ea807b89465643c219455e7369,Essentials Utilidades Domesticas
8d956fec2e4337affcb520f56fd8cbfd,Essentials Esporte Lazer Excelência
8daab2245ebdc277c51098d01c5ad8ef,Essentials Construcao Ferramentas Ferramentas Excelência
8dd386be0767c330276ea6a3f96532d3,Essentials Esporte Lazer
8de8fe3af4449ed695d2434c933ed73e,Premium Eletrodomesticos Air Conditioning Excelência
8def3db7f272735afb2ecd03aeca09a7,Essentials Fashion Bolsas E Acessorios Qualidade
8dfbc5ff27df12f6cef751d3b9554222,Essentials Ferramentas Jardim Qualidade
8e29d051f810eb22959ede205b462b9f,Select Pet Shop Excelência
8e2b3afb420011ef0c88c9d5f11ea526,Essentials Esporte Lazer Qualidade
8e34331b7eedd03be4e5d965c1956225,Essentials Livros Interesse Geral Qualidade
8e4f041ff58e7845456d3482524014b3,Essentials Bebes
8e670472e453ba34a379331513d6aab1,Premium Automotivo
8e6cc767478edae941d9bd9eb778d77a,Essentials Utilidades Domesticas Excelência
8e6d7754bc7e0f22c96d255ebda59eba,Essentials Informatica Acessorios Excelência
8e8a7ce9f2f970dc00e2acf6f6e199f6,Essentials Informatica Acessorios Excelência
8ea394aed8138685abe1eb9f25e1021d,Premium Sinalizacao E Seguranca
8eb88b0acb3f90a717ad659221471fa7,Essentials Fashion Bolsas E Acessorios
8ec76bb0965af3f007692b26fa9d6623,Premium Informatica Acessorios
8ed8ea9a57c862f2c18c2fe41f601d56,Select Cool Stuff Excelência
8f0fbe2cd4d472157dc1cdef6edecaa9,Essentials Ferramentas Jardim
8f119a0aee85c0c8fc534629734e94fd,Essentials Brinquedos Excelência
8f2b51a30523cdecddc2f179f351c7d6,Essentials Automotivo Excelência
8f2ce03f928b567e3d56181ae20ae952,Essentials Esporte Lazer Excelência
8f54d64f28a993550aa7943f12572959,Select Beleza Saude Excelência
8f580d36c1e9d6fbce95283403c7d447,Premium Automotivo Excelência
8f78f0903005064036736c7173a5c2ed,Essentials Moveis Decoracao Qualidade
8fb67a334bacec338885b4e9e1708073,Essentials Moveis Decoracao Home Decor Excelência
8fb791022c1fc8909664f48ab7dc636d,Premium Eletrodomesticos 2
8fbd63429be6d3e5e6d1a709b6464802,Essentials Automotivo Car Accessories
8fbe2ee446b97e128471be4ce983dc0d,Essentials Beleza Saude Excelência
8fd3b4468f6425810648177996c14cbd,Select Beleza Saude
8fdca8e349553f99bc738833a62c8802,Essentials Eletronicos Excelência
8fe8786ee000001ab51d030dfd4a7bf1,Select Instrumentos Musicais
8fec2e460530482132c436cfb5439925,Essentials Brinquedos
8ff1a9df749e454105c55cda13e79143,Essentials Utilidades Domesticas Qualidade
8ff38bc3969e67c36c48343a07090f66,Select Automotivo
8fff28c4263ddec387f28d237fb42773,Essentials Cama Mesa Banho
900ba814c251a692506d7834c1218441,Select Beleza Saude Excelência
901b460cdce0c64e471230d7f2f9f3a3,Select Fashion Bolsas E Acessorios Excelência
902c99f1ac505c0d18778b61bcd636f7,Essentials Utilidades Domesticas Gifts
903037660cf848a717166eb7a06d616e,Essentials Ferramentas Jardim Excelência
90b36c5aeb728d5504a39f435bef0c5f,Essentials Alimentos Bebidas Excelência
90b57083da5d803237da74daec6dcb2b,Essentials Esporte Lazer
90d4125885ab6c86e8820a722be71974,Select Consoles Games
910a922b426b7ff95eaee129ad6c0e1f,Essentials Esporte Lazer
913fd0ebba70bb919f7254a02239173c,Select Automotivo
9140bd1d9de28b197dce077bdd687438,Select Esporte Lazer
9140ef75cc8211c4035935e80e567204,Essentials Pet Shop Pet
91543f9849d68d023e17194926598543,Essentials Moveis Decoracao
916748bc99315c2d202898ae58b1617e,Essentials Esporte Lazer Qualidade
916c9de0b5ad957346eeeb12f332687e,Select Beleza Saude Excelência
918717417d88a9f9ae9735567e6c7682,Essentials Bebes Qualidade
918f6fbcf3ab724d805867303e593a1b,Essentials Eletronicos
9198786624eaeb375793215cad26cfa6,Essentials Esporte Lazer
91f0eec23d4a61d7d7caeefa3f0ad1ca,Select Automotivo Excelência
91f5779a8731baca4809fdeade81803f,Select Esporte Lazer
91f848e9f4be368f4318775aac733370,Essentials Utilidades Domesticas Excelência
9200e6ce317b67196b6b0bad4d4bd567,Essentials Moveis Decoracao
921323538c9f1c4e816f2720eac02bea,Essentials Esporte Lazer Excelência
9261d76c62caaf0b24677c2ceb7f8f20,Essentials Utilidades Domesticas Household Utilities Qualidade
92992bec39dde5766f590d3b1f46d465,Essentials Esporte Lazer
929f342384a6607afe143d789ade1316,Essentials Utilidades Domesticas Construction Tools House Garden Qualidade
92c8bc6e8f925792247656fed09aad65,Essentials Utilidades Domesticas
92d14edfb62ee5ae7fdff70b0f4e7233,Essentials Beleza Saude
92eb0f42c21942b6552362b9b114707d,Essentials Telefonia Excelência
9315e491484b1b0081ca166fc164108d,Essentials Utilidades Domesticas
933446e9a59dece7ae9175103820ca8f,Essentials Utilidades Domesticas Excelência
934ed5cd1b9c1c7382d0a94a94b9e639,Essentials
939e6227d6964a11a70aa91243e418f2,Essentials Beleza Saude Qualidade
939f6e231201f26803cb5c3a3d2940b3,Essentials Moveis Decoracao Qualidade
93b9a99027bd8bd6af682aff18dd19bf,Essentials Moveis Decoracao Entrega Rápida
93bef6edaa84956e8e575016449b6351,Essentials Esporte Lazer
93dc87703c046b603023e75222018b45,Select Relogios Presentes Excelência
94144541854e298c2d976cb893b81343,Select Beleza Saude Excelência
941554c5757b73ba0e50aa7732310afc,Essentials Ferramentas Jardim
94165aea8a35c3c21499cbcae239b16c,Select Automotivo Car Accessories
94231344608e603693b0a8891143f65d,Select Utilidades Domesticas
9449f25aeaf531019b76999ea49a6949,Select Beleza Saude Qualidade
9485a23c0430ba1d58d359391606fce6,Select Automotivo
94b9108d4b637ba65bb4f1e53cfcf8d8,Essentials Eletronicos Excelência
94c49f20a123aeb9360dbf80ff912bf6,Essentials Brinquedos
94ca168e8bcb407ab85c5da308863027,Essentials Beleza Saude Qualidade
94d76e96eedd976258cd3278ce56d5f2,Select Esporte Lazer Construction Tools House Garden
94e93ce877be27a515118dbfd2c2be41,Select Casa Conforto Excelência
951e8cef368f09bb3f3d03c00ca4702c,Essentials Cama Mesa Banho Excelência
9523fb39dd240aa958e040f8183d64f3,Essentials Construcao Ferramentas Seguranca
9535a841eecebed61a9fb1ac1cbb5597,Select Ferramentas Jardim Qualidade
9539213aa8e023c01937bef95dc006da,Essentials Utilidades Domesticas Qualidade
954e95f20808d7e5d11f0de292d078e0,Essentials
9558aa23f77a9e0a0eca83540999f43b,Essentials Fashion Bolsas E Acessorios
955fee9216a65b617aa5c0531780ce60,Essentials Moveis Decoracao Excelência
9591fc341b1bfb7ef561e2968ec6e011,Essentials Fashion Calcados
9596c870880d900012f2e8e6e30d06d7,Select Construcao Ferramentas Construcao Excelência
9599519be538b98748162a2b48248960,Select Esporte Lazer
95b293867b5862941c9cd74f756a3c68,Essentials Telefonia
95cca791657aabeff15a07eb152d7841,Essentials Esporte Lazer
95e03ca3d4146e4011985981aeb959b9,Essentials Utilidades Domesticas Excelência
95ec4458365c4d11f452ccf538377619,Essentials Moveis Decoracao Excelência
95f83f51203c626648c875dd41874c7f,Essentials Moveis Decoracao Excelência
960945e1a9535cbc0cd6ddd35fbe7ae8,Essentials Construcao Ferramentas Construcao Excelência
9616352088dcf83a7c06637f4ebf1c80,Essentials Esporte Lazer Excelência
961dff0a659b4561334372337dd897d9,Premium Cool Stuff
9646c3513289980f17226a2fc4720dbd,Essentials Informatica Acessorios Excelência
96493fab2fbb13a14d0c0e8772eef5c3,Select Informatica Acessorios Excelência
964ff64dc05b13811c6d0f41e0aa5f6b,Select Casa Construcao Home Decor
966cb4760537b1404caedd472cc610a5,Premium Relogios Presentes Excelência
9674754b5a0cb32b638cec001178f799,Essentials Eletroportateis Excelência
96804ea39d96eb908e7c3afdb671bb9e,Essentials Esporte Lazer Excelência
968268a686aa05d1f529fb07dff08130,Select Papelaria Stationery
968ee78631915a63fef426d6733d7422,Select Cool Stuff
96e5dc09087bad639b4ee193104ec2e5,Essentials Beleza Saude Qualidade
96f7c797de9ca20efbe14545bed63eec,Essentials Perfumaria
972d0f9cf61b499a4812cf0bfa3ad3c4,Essentials Cama Mesa Banho Excelência
973f21788dfab357250f69a8dcb7ddee,Essentials Esporte Lazer
974cf2cb8f4b7add98709c30df02fe10,Essentials Informatica Acessorios Excelência
97512d3fc193b2d1dfcdba0f9d1f0f8a,Essentials Informatica Acessorios Qualidade
977f9f63dd360c2a32ece2f93ad6d306,Essentials Bebes Excelência
979e9f8b5b39dd243a2550c8b05aecf0,Essentials Beleza Saude
97e4a63591ca439a2b8b7efd20e6e19e,Essentials Moveis Sala Qualidade
97e50a621f8e801f4baf69e08687c192,Essentials Brinquedos Toys
97e995629983723d11830a829bc2b246,Essentials Livros Tecnicos
9803a40e82e45418ab7fb84091af5231,Select Informatica Acessorios Audio Video Electronics Excelência
980640c45d7a4635885491d077167e4d,Essentials Fashion Bolsas E Acessorios Bags Backpacks Excelência
98115075dd26cb8835946fc6086f5d30,Essentials Moveis Decoracao Excelência
984c273121e743dd14767befe6cb17f5,Select Cool Stuff
9853a239ab7b7ebbdc3a21248d5b8e1f,Essentials Utilidades Domesticas
985c92cc412091f8529c12d7f23d3fef,Essentials Beleza Saude Health Beauty Excelência
989becdce12ebc39863c2bceab6f3ca1,Premium Esporte Lazer Excelência
98dac6635aee4995d501a3972e047414,Essentials Utilidades Domesticas Excelência
98dddbc4601dd4443ca174359b237166,Essentials Utilidades Domesticas
98e164d549402270247f3c96a1a158ef,Essentials Cool Stuff
98f52e1020fe788c10c0418de4393fec,Essentials Esporte Lazer
99002261c568a84cce14d43fcffb43ea,Essentials Bebes Excelência
9906e7aa42a3c067b7c9a564d01c4320,Select Esporte Lazer
994f04b3718c2bab35c2adfa8afecd2a,Essentials Utilidades Domesticas Excelência
9996ae921c50e8dff411ac69c0b4bb8b,Essentials Moveis Decoracao
999f6d9a1c7c81f43be44c6b7d076210,Essentials Ferramentas Jardim
99a25c39b28a74d1151c35c18d178292,Essentials Bebes
99a54764c341d5dc80b4a8fac4eba3fb,Essentials Utilidades Domesticas Excelência
99cd94252748d2bdde08e17858233602,Essentials Pet Shop Pet
99eaacc9e6046db1c82b163c5f84869f,Select Telefonia Excelência
9a03a4e9eb0b947652fae4f6121a3f5e,Select Alimentos Bebidas Excelência
9a1aea68d3efa00862ec88c0768037d0,Select Climatizacao
9a208dee8f95cfdf00760c4d627828ec,Select Beleza Saude
9a84ba99f5367fdbd4598363496f1ea2,Essentials Esporte Lazer Qualidade
9aa388272ee334b6ae07bc73706e254a,Essentials Cama Mesa Banho Bed Bath Table Excelência
9ac4f14370b1e24ddc58be041b7f99df,Essentials Esporte Lazer Bags Backpacks
9ac75591b69c3402684b6ce0310f22ee,Essentials Utilidades Domesticas
9add47bf45ce8e8c7db6b9cf670b1e09,Essentials Moveis Decoracao Excelência
9b00cad94ef3078faf6fba2e792c158f,Select Esporte Lazer
9b00ed88b7fdb95d6ff76e27c1b52d16,Essentials Esporte Lazer Excelência
9b013e03b2ab786505a1d3b5c0756754,Essentials Beleza Saude Excelência
9b1050e85becf3ae99c1cf4934c9bc5d,Essentials Instrumentos Musicais
9b1585752613ec342d03bbab9997ec48,Premium Automotivo Car Accessories Qualidade
9b1ab052f5fca308ba743ac789ebb2e1,Essentials Ferramentas Jardim
9b1f656ca3060f8af17a50d8a024b533,Essentials Automotivo Construction Tools House Garden
9b522ba7eae9e1d04082f267144583cc,Select Ferramentas Jardim
9b76ad3d04236f76bc71c59470305e13,Essentials Utilidades Domesticas
9bade61a92bed55a25d2b67b9f4ed739,Essentials Bebes
9baf5cb77970f539089d09a38bcec5c3,Select Utilidades Domesticas Excelência
9bc484c87d79cd4874e05ca182658045,Essentials Construcao Ferramentas Construcao Excelência
9bcdfa7b615b3abb9461d9e3ad9886ae,Essentials Esporte Lazer Excelência
9bf11dfc0bec77e5a23028043c3c5a8f,Essentials Automotivo
9c068d10aca38e85c50202e17b4a7e88,Select Automotivo Excelência
9c0e69c7bf2619675bbadf47b43f655a,Select Informatica Acessorios Excelência
9c1c0c36cd23c20897e473901a8fb149,Essentials Alimentos Bebidas Food Drink Excelência
9c351405b754cc5ce3e2ecf277bb034a,Essentials Moveis Decoracao
9c3a1c416c765687bc79a04113269929,Essentials Utilidades Domesticas
9c3c24eca51c52b91c1de727d2a2ae06,Essentials Esporte Lazer
9c4d31c7e46ab03a43fc06e3142afd4e,Premium Brinquedos Excelência
9c54608f0996c32ae4743089d915f845,Essentials Utilidades Domesticas Qualidade
9c57bc60cfad5ee62d35d3f1ce4593a1,Select Pet Shop
9c690ceacd5c66731bf443ea810195cb,Essentials Utilidades Domesticas
9c7fd21e0aa159b20da593371f08ff7c,Essentials Telefonia Audio Video Electronics
9cad4b68bb993ee401a3c5aaa2bc26dd,Essentials Beleza Saude
9cea4682e16655f7da87f406902e989e,Essentials Papelaria Excelência
9cf787a239c1aa29dbd76f153dc13f9a,Essentials Papelaria Fashion Accessories Qualidade
9d213f303afae4983637247556438ede,Essentials Cama Mesa Banho Bed Bath Table Qualidade
9d39404483343dd55c7ae254494d8388,Essentials Telefonia Qualidade
9d489893ff6af05029671b785f54b998,Essentials Construcao Ferramentas Iluminacao Qualidade
9d4db00d65d7760644ac0c14edb5fd86,Essentials Brinquedos Excelência
9d5604a1f112324ad6b2aa552122e0fb,Essentials Casa Construcao
9d5a9018aee56acb367ba9c3f05d1d6a,Essentials Bebes Excelência
9d681c7e12db302cb261e721040dde65,Essentials Esporte Lazer Sports Leisure Excelência
9d69ba0a7a626a64dc5db08e529559cf,Essentials Alimentos
9d7a1d34a5052409006425275ba1c2b4,Essentials Papelaria Qualidade
9da15f4a4ea758d9eeb49000dbe57e22,Select Moveis Escritorio Home Decor
9da1ca0bef29ee170e541927a5aeabdc,Select Eletroportateis
9dc79dd988ac42f4d56c340d7048420a,Select Beleza Saude Excelência
9dd459b29a14bf89d47183cf2cd0e4c7,Essentials Automotivo Qualidade
9dd59e43f0c9f0553244e8f9c2fb247e,Essentials Perfumaria
9dda5bbacd45e18d6485fee649205d09,Essentials Moveis Decoracao
9de4643a8dbde634fe55621059d92273,Select Utilidades Domesticas Excelência
9df5750209b83567ec144eb299d7d634,Select Ferramentas Jardim Excelência
9e17b9d64683aebcbb9ee362d06463b4,Essentials Alimentos
9e25199f6ef7e7c347120ff175652c3b,Essentials Utilidades Domesticas
9e6229250fedbe05838fef417b74e7fb,Select Bebes Excelência
9e6967d3cf386d284251784b18ccb485,Essentials Brinquedos Construction Tools House Garden Excelência
9e7c5f4d7770eab65738cca38f9efccf,Essentials Brinquedos Sports Leisure
9e94fa26a70ede4d26226e918e8706a2,Essentials Utilidades Domesticas
9e9b539eb2806acee3f5c28085c1db9f,Select Eletroportateis
9ed65337433adfbedefd23dd76eaa494,Select Esporte Lazer Excelência
9ef932e837d8b7f392c0bfee9d359dc2,Essentials
9f50216bfd01913736a55a11b55ea842,Essentials Informatica Acessorios Excelência
9f505651f4a6abe901a56cdc21508025,Essentials Informatica Acessorios Excelência
9f56a7a649097b166d8ed286ad86a15c,Essentials Artigos De Natal
9fbd5666d8618fa571c4230fafa09bd6,Essentials Automotivo
9fc70243fb26800cba56e8f014797004,Essentials Ferramentas Jardim Excelência
9fe7c6641c79970ab48185498f547c09,Essentials Malas Acessorios
a00824eb9093d40e589b940ec45c4eb0,Premium Pcs Excelência
a0415d9b25ede3c4b1e477e9916ffc03,Select Relogios Presentes Excelência
a066df7361163e7ddc5d7452dd17448b,Essentials Telefonia Excelência
a06c8ff043abea0528ee44171e2140a2,Essentials Bebes
a080fc8a850289b27500f6b49cca2553,Essentials Automotivo Excelência
a08692680c77d30a0b4280da5df01c5a,Select Informatica Acessorios Qualidade
a09a13f18ed27932d08438aa6f12756e,Essentials Ferramentas Jardim
a0a14e50070f3225b3eabba5b85da517,Essentials Moveis Sala Qualidade
a0d7fbb07bb5ebc3b05980e750db56f3,Select Moveis Decoracao Entrega Rápida
a0e19590a0923cdd0614ea9427713ced,Essentials Artes
a1040efe9ff4a6f93c28b0499eada8f5,Premium Construcao Ferramentas Seguranca
a1043bafd471dff536d0c462352beb48,Essentials Ferramentas Jardim Excelência
a11a0e0ca67423425691db355cff69b0,Select Automotivo Car Accessories Excelência
a13580f0e8f782b7a543885a0ef99f08,Essentials Perfumaria Qualidade
a13aaf2d2886ab9fb30fb9a920160b8f,Select Instrumentos Musicais
a1474fd46fd3430168f7ec202da39408,Select Automotivo
a150c540f572d0fb53992264bc5c10b5,Essentials Consoles Games
a1544b9ea0b2390e020537d4daa89049,Essentials Fashion Bolsas E Acessorios Qualidade
a154d7316f158bb42e6fa18bbe3afd3a,Essentials
a17f621c590ea0fab3d5d883e1630ec6,Essentials Esporte Lazer Excelência
a1bea7061f61f6fdd9a85a6325ba1033,Essentials Automotivo Excelência
a1bea9970d8f65b240555f99c2214f7f,Essentials Construcao Ferramentas Iluminacao
a1ed30492b3b798bc121845bc4aa7366,Essentials Perfumaria Entrega Rápida
a20d8058c866dbaeca014d2cd20ac62e,Premium Eletroportateis Qualidade
a213f1bd6458f4a158f3746cb2514559,Essentials Informatica Acessorios Computers
a218df5c097b0ca409cfaac1488cc7f6,Essentials Utilidades Domesticas
a21c11ec5c3f03e7cc9f9203bff9e1c6,Essentials Beleza Saude
a23266650e7c84bb93fbbba502137478,Essentials Casa Construcao
a247197e2e9c19a6a53a6888cb8b660f,Select Brinquedos
a254c682cc01e119f83530446f1df9a9,Essentials Pet Shop Qualidade
a2a41aedb70551d4a85aa04dc2fced48,Essentials Eletrodomesticos
a2b5b6105ea5942300631d2e76f4ffe0,Select Brinquedos Excelência
a2b911e9ad40dc7d61c142a4683e2d85,Essentials Esporte Lazer
a2deecd5398f5df4987110c80a1972a3,Essentials Eletrodomesticos Excelência
a2e85714b56b1cb6bb24a9a6e6cad36f,Essentials Esporte Lazer
a2e874074c877c5a05abae80ad6e488f,Select Utilidades Domesticas Excelência
a2fa0bdc798ee84cdb08281337cf4fb6,Essentials Livros Interesse Geral
a3082f442524a1be452e3189e003b361,Essentials Automotivo
a35124e2d763d7ca3fbe3b97d143200f,Essentials Ferramentas Jardim
a353b1083c9863d756d9404695016d64,Essentials Instrumentos Musicais
a35ef466c6fd6d052f5d241240d3c5e2,Select Esporte Lazer
a369d693961cb93b61ca2cc518872a85,Select Casa Construcao Excelência
a36ac007a4d18f865c8d32c3b2402c2d,Select Ferramentas Jardim Qualidade
a36b125ac6d5fdbc7f50de85c9157bdc,Essentials Esporte Lazer Excelência
a37c340b91cb0169e8b029db6440fba2,Essentials
a3a38f4affed601eb87a97788c949667,Essentials Brinquedos Excelência
a3b0df0065e264a91b7bbf5f844af5cd,Essentials Automotivo
a3b42d266fa8afc874b909422ce88582,Essentials Informatica Acessorios
a3dd39f583bc80bd8c5901c95878921e,Essentials Alimentos Bebidas Excelência
a3e9a2c700480d9bb01fba070ba80a0e,Essentials Cama Mesa Banho Excelência
a3f0b55de503387383c7b1de3ad7f678,Select Fashion Bolsas E Acessorios Qualidade
a3fa18b3f688ec0fca3eb8bfcbd2d5b3,Essentials Perfumaria Excelência
a414555ce331b8c8aea4a9cb8395194d,Select Eletrodomesticos 2 Home Appliances Qualidade
a416b6a846a11724393025641d4edd5e,Select Beleza Saude Excelência
a420f60ff1aa9acc80d0e42959f2b313,Essentials Bebes Excelência
a425f92c199eb576938df686728acd20,Essentials Moveis Decoracao Excelência
a435b009cd956ea60748b5cfbddf2e24,Essentials Perfumaria
a44fb5a447105f8469bdf16bf9159f25,Select Esporte Lazer Excelência
a45314082d50d578a4721c9787ce09ab,Select Brinquedos
a45765f8afb1e594b22bf9e974b46765,Essentials Automotivo
a478c7961d6a992065b24e63b366f90b,Essentials Casa Construcao Excelência
a49928bcdf77c55c6d6e05e09a9b4ca5,Essentials Brinquedos Excelência
a4b6b9b992b46e9ef863637af96e04bc,Premium Ferramentas Jardim Excelência
a4b8d97cd5d3674eeff96abc99d8ed67,Select Construcao Ferramentas Construcao
a4bd6e9adf39b63f43dc545d3ca1f53d,Select Ferramentas Jardim
a4e634166243bbb3a13fa584463fa468,Essentials Eletronicos
a4fc6eadaff1576af888509a53420f6a,Essentials Informatica Acessorios Computers
a513150f33f99a06569e9cd5c4bb889b,Select Construcao Ferramentas Construcao Excelência
a5259c149128e82c9d6d46e0c1c812bb,Essentials Automotivo Qualidade
a53f60f05f822b5c621a50ff6a5cb362,Essentials Moveis Decoracao Home Decor Excelência
a56a8043ebf66e42119618fb8cf232c6,Essentials Informatica Acessorios
a56e351445e5863fc8960640ba9190c7,Select Construcao Ferramentas Seguranca Home Decor
a5a1bfcf728ab0e19182959cf0771ee4,Essentials Alimentos Qualidade
a5bff0f43eb51f0cad7c37fac7244c8a,Essentials Ferramentas Jardim Excelência
a5cba26a62b8b4d0145b68b841e62e7f,Select Beleza Saude Excelência
a5dd1946fb63ada8bcaa0c9cd8f11e22,Essentials Beleza Saude
a5ff20ff766e7f50bd5066f33da14413,Essentials Utilidades Domesticas
a61cc04793308395a840807104365121,Essentials Utilidades Domesticas
a63bfbaa882c8f4542891b4e2246cc7f,Premium Beleza Saude Health Beauty Qualidade
a64e44665225d19dfc0277eeeaaccc57,Essentials Beleza Saude Food Supplement Excelência
a663d9c3797e90eac99ff60939416a56,Select Informatica Acessorios Computers
a673821011d0cec28146ea42f5ab767f,Essentials Cama Mesa Banho Excelência
a67780aba9dd436e7ac0aa1f889e73ec,Essentials Esporte Lazer Excelência
a69aa24cec11168e7e39a3fbc727e925,Essentials Beleza Saude Health Beauty Excelência
a6bd7d1ccdac48c6b33b28596b7eb122,Premium Relogios Presentes Excelência
a6fe7de3d16f6149ffe280349a8535a0,Essentials Fashion Underwear E Moda Praia Excelência
a70e9066dbfd10b6b97a3f54a1356762,Select Moveis Decoracao
a72c2f59332659e361d647515c698798,Essentials Ferramentas Jardim
a72f15980dc3e9bfd1a49ac9b2f3af65,Essentials Moveis Decoracao
a7a9b880c49781da66651ccf4ba9ac38,Essentials Cama Mesa Banho Bed Bath Table
a7b7354cc588f7566a848bcbb1ce3d96,Essentials Eletrodomesticos
a7c53f6b3b61adbdaa99dda97e8cbd56,Essentials Bebes
a7c88262832dfc683781d6a421edefae,Select Perfumaria Excelência
a7d0f8dd44f57ef6de7f7f02e3d82630,Essentials Beleza Saude Health Beauty
a7dc4098e4da6e41b426269d12ae7e91,Select Automotivo Qualidade
a7ecf689b40a44361e259b28939023e4,Select Esporte Lazer Excelência
a7f13822ceb966b076af67121f87b063,Essentials Moveis Escritorio Excelência
a806a4bb063ea7ca6d374eafa50a6058,Essentials Perfumaria Entrega Rápida
a81466620e46a6970b22ef40379fdfc9,Select Informatica Acessorios
a8739afb32aaa45e01815ca76f76f54b,Essentials Eletronicos Car Accessories Excelência
a888faf2d1baececa6baf9c3d603ee1f,Select Perfumaria Qualidade
a89e143d5211473ae18db9577ee34b64,Essentials Moveis Decoracao
a90a5da8b09e44264a177c0374a5ac87,Essentials Telefonia
a938325a4b357fd23a6a4d5bb126408e,Essentials Automotivo Qualidade
a9415cf907dfa12f9ed18693244f5329,Essentials Moveis Cozinha Area De Servico Jantar E Jardim Excelência
a99504ac23ed125aaf5302af6cc30af9,Premium Casa Construcao Qualidade
a9ae440659f48b7849df83e82734150b,Select Automotivo
a9b533a26e898b12e8b8d4c07279bf4d,Essentials Livros Interesse Geral Excelência
aa17b35ce4de7b565be3249ba838944f,Essentials Esporte Lazer
aa1eb17b9fdf6dfd546e25c45c7b9235,Essentials Beleza Saude
aa2640d851ec322526f1295bbeb20092,Essentials Moveis Decoracao Home Decor
aa762680c40618316a896838866140ea,Essentials Livros Interesse Geral
aa8af66c623d7d544dfe4bb85b5ebe3b,Essentials Artes Excelência
aac29b1b99776be73c3049939652091d,Essentials Cool Stuff Excelência
aac51c486b672a9850d59f3e84b1cf88,Essentials Esporte Lazer Excelência
aadfe0417e61315688b6bd7043361e25,Select Perfumaria
aae3bfea055532c57fb453ed3ec80b30,Essentials Market Place Excelência
aae5953b9edddf14749c0d65d60eb4b9,Essentials Moveis Decoracao
aae5e7b457a3c72ee230a47d98fceda5,Essentials Cama Mesa Banho Bed Bath Table Excelência
aaed1309374718fdd995ee4c58c9dfcd,Essentials Fashion Roupa Masculina Excelência
aafe36600ce604f205b86b5084d3d767,Essentials Bebes Excelência
ab27bbbad5239bc31a34709275a70db4,Essentials Construcao Ferramentas Construcao Excelência
ab3e0c171fe84a7ba7de130f19cfb485,Essentials Utilidades Domesticas Excelência
ab75b89cc49c9ab3160d0c91565a442a,Essentials Papelaria
ab91571efab27993ff2f6b36e38055c3,Essentials Automotivo Excelência
ab9db4cf53b08b828b64dccaafc2d9f0,Essentials Bebidas
aba1721a889e04decc910aa13b768ef4,Select Papelaria Excelência
abbf6046bbdf1028606a5bc7f00c99e7,Select Automotivo
abc015ebac1d283a323ca9db35ede4b9,Essentials Climatizacao Qualidade
abcd2cb37d46c2c8fb1bf071c859fc5b,Essentials Beleza Saude Excelência
abe021b01ba992245271b9aa422032df,Premium
abe42c5d03695b4257b5c6cbf4e6784e,Select Beleza Saude Excelência
ac137bac82ffa8548e62bd9d01d2a14f,Essentials
ac1ed5fc15901fbc92920361eb4ab350,Essentials Ferramentas Jardim
ac3508719a1d8f5b7614b798f70af136,Essentials Brinquedos Excelência
ac51cac5e20d69ff485a54746488ef48,Select Bebidas
ac6417315ae5da8f9a38ee11de6f7780,Essentials Ferramentas Jardim Excelência
ac9b01377919cdbd2a1bbb8d5837c70b,Essentials Construcao Ferramentas Iluminacao Qualidade
acadd4d36859671cb635527c6c977533,Select Ferramentas Jardim Excelência
acb6c2ca5c82411c1fdb88d5fd5eb95e,Essentials Automotivo Excelência
acce39e832338debb07b02385cde5967,Essentials Papelaria Excelência
ace601496e211a664100321f038f50af,Select Cama Mesa Banho
aced59e9b31ef866a94f9e7f29d8d418,Essentials Utilidades Domesticas Excelência
acf974e4d5950ad143a247471b831eb9,Essentials Utilidades Domesticas Qualidade
ad14615bdd492b01b0d97922e87cb87f,Essentials Automotivo
ad273c9eb54ecb4532de4bf75bae9e4e,Essentials Utilidades Domesticas Excelência
ad420dd0c4f92f8af951ac24b86d0cf5,Essentials Beleza Saude Excelência
ad738d3fcf42655ed15c4960b7b6c601,Essentials Moveis Decoracao
ad75519a07f039025e83795a4418470f,Essentials Bebidas
ad781527c93d00d89a11eecd9dcad7c1,Select Bebes Excelência
ad87df7699e83b8a91822a4a0b765c3a,Essentials Eletronicos
ad8ada0ffa993cb1197d102d9ab21a3e,Select Construcao Ferramentas Construcao
ad8b531ae67582f096925cff5630d0d1,Essentials Moveis Decoracao
ad97a199236354e53fcd91a5a913e9a2,Premium Eletroportateis Excelência
adbc26658d6c7b4b6219f9d934598091,Essentials Bebes Excelência
adbe70ab2c97442046d393988c8d1d27,Essentials Ferramentas Jardim
adcf50477d6a1f5d91bb9d54c4903cb5,Essentials Esporte Lazer Excelência
ade45994b717ccee333492330fbf037b,Premium Telefonia Audio Video Electronics Qualidade
aded58c8142dedc5494a81f948431fab,Essentials Beleza Saude Excelência
ae45ad30c2d2e5913094769690a239d2,Essentials Esporte Lazer
ae45df84722b1d15c5f32b23a095746c,Essentials Beleza Saude Health Beauty Qualidade
ae7ab174effdead6c241e547e4ca13f0,Select Moveis Sala Household Utilities Excelência
ae8bfdbf1c2a2a2dee92d799db0a31c6,Essentials Moveis Cozinha Area De Servico Jantar E Jardim
ae9690c6e8fee182c28c9ff8e11ca52c,Essentials Moveis Decoracao
aeb36d67f1414f234d42a29e27cf1f17,Premium Automotivo Qualidade
aec99834ab5d38ead22766ada8497e87,Select Construcao Ferramentas Seguranca
af3ef48d0e13835e529c29ac573c63e5,Essentials Pet Shop Pet Excelência
af4a0e4cfe1d9c26b6712b1be25a72e5,Select Informatica Acessorios
af7cdac9d9897cddead9c6b08976c642,Essentials Brinquedos Excelência
afa6714acee029b2dfdf357e5579cc03,Select Brinquedos Excelência
afac9f6b0c4e5f0a7ee87e922cd0f873,Essentials
afe0067131b73e40875c9b6c10bd2e21,Essentials Perfumaria Excelência
b00af24704019bd2e1b335e70ad11f7c,Select Esporte Lazer
b01c2b7b8599b325103ebcddc67413e1,Essentials Beleza Saude Excelência
b026643914f651e8371425e5b8a1e780,Essentials Beleza Saude
b0398568231ba5e6734af1881671a317,Essentials Automotivo
b05b432bf68945d4d9783f9e3ca29ee8,Essentials Beleza Saude
b080809eaacb49e5ca07290981472431,Essentials Livros Interesse Geral Excelência
b0b346d3a89f5eb4c2968af3f083cd43,Essentials Alimentos Bebidas Excelência
b0f2a6122a90a93eb03e68653dd960e3,Select Beleza Saude Excelência
b1204cfda1d4948679db3cfc0d3cb95c,Select Esporte Lazer Qualidade
b127efdabeffb5d559349c7b172eb75d,Essentials Fashion Bolsas E Acessorios Qualidade
b12cfd255810394b60caef18ae163547,Select Moveis Escritorio Qualidade
b14db04aa7881970e83ffa9426897925,Essentials Moveis Decoracao Excelência
b16d3dadc47d4eb18be3d88bad0775ce,Essentials Esporte Lazer Sports Leisure Excelência
b17b679f4f5ce2e03ce6968c62648246,Essentials Beleza Saude Excelência
b18871c324516afa228a13e8f1ef0ae9,Essentials Ferramentas Jardim Excelência
b18dc380845b24038cfc48006478f099,Select Beleza Saude Excelência
b19c48688808720822399ffa9f2dbe2f,Premium Relogios Presentes
b19f3ca2ea475913750f25a5c37c8d8f,Select Utilidades Domesticas Excelência
b1a81260566c1bac3114a6d124413f27,Select Malas Acessorios Excelência
b1aaae6b66ad3c40f54b389d7ea4bee0,Essentials Fashion Underwear E Moda Praia Qualidade
b1ac6ea7895bc3dd6f0f6f4abbdd2821,Essentials Esporte Lazer Excelência
b1b3948701c5c72445495bd161b83a4c,Premium Automotivo Excelência
b1fc4f64df5a0e8b6913ab38803c57a9,Essentials Relogios Presentes Excelência
b1fecf4da1fa2689bccffa0121953643,Select Beleza Saude Excelência
b2479f944e1b90cf8a5de1bbfde284d6,Essentials Cama Mesa Banho Excelência
b248792ac0b60ec3f93d80af1b4fae47,Essentials Esporte Lazer Qualidade
b26741d31a563d769b4af0465ab20c56,Select Brinquedos
b274baf5bbd142410eb2958cf685d684,Essentials Brinquedos Excelência
b29d3380981c51df13fc6fbe87e1763d,Essentials Cama Mesa Banho Excelência
b2a6d334e2833acea353624840e25a0e,Essentials Eletroportateis Excelência
b2ac621f0d0322434d04a12b078b9369,Select Beleza Saude Excelência
b2ba3715d723d245138f291a6fe42594,Select Papelaria Excelência
b2bdc5e7940a7d7ca8c4a37953b27a42,Select Moveis Quarto
b2c97074649f92197d9387d9033dda5f,Essentials Beleza Saude Qualidade
b2eecf5ea250510da76590ca79d60e5d,Select Instrumentos Musicais Excelência
b2f4d63c7203f539a78252565ca32257,Essentials Automotivo
b32be1695eb7ec5f10f72d9610a12527,Premium Moveis Cozinha Area De Servico Jantar E Jardim Qualidade
b335c59ab742f751a85db9c411a86739,Essentials Utilidades Domesticas Qualidade
b33aaadd1a8891d2dfef0c4c3bdf0371,Essentials Utilidades Domesticas
b33e7c55446eabf8fe1a42d037ac7d6d,Select Relogios Presentes Excelência
b347677812ea483b0f528eaf8cbc09b7,Select Utilidades Domesticas Excelência
b372ee768ed69e46ca8cdbd267aa7a38,Select Fashion Bolsas E Acessorios Excelência
b37c4c02bda3161a7546a4e6d222d5b2,Premium Telefonia Fixa
b3809b8d4394588a47c8470ea331e135,Essentials Eletronicos Audio Video Electronics
b39d7fe263ef469605dbb32608aee0af,Essentials Cama Mesa Banho Excelência
b3b17aab11f273023a5f22ca52e1eb70,Premium Automotivo Excelência
b3e2faf2c1004d674f16a3aa3197f0e1,Essentials Automotivo
b3f19518fcec265b2e97af287725f981,Essentials Utilidades Domesticas
b410bdd36d5db7a65dcd42b7ead933b8,Select Utilidades Domesticas Excelência
b416191c9813d821a295cfabafff4161,Essentials
b43d8b707f887a30f4675391098354a0,Select Eletroportateis
b44dbfbf62e52125f3c15d230569ea91,Essentials Casa Construcao Excelência
b452cb0ae35044c4a53179c39f49fb06,Essentials Automotivo Qualidade
b45d7ebfb7378630f1bcd74b6ff86ff7,Select Cama Mesa Banho
b494891378bd8f4560abe576c52deacd,Essentials Beleza Saude Health Beauty Qualidade
b499c00f28f4b7069ff6550af8c1348a,Essentials Moveis Decoracao Excelência
b4a476fbd28de64b1e347abf9089366a,Select Eletronicos Excelência
b4b447d715f9ab302a188fb43d3e96b3,Essentials Esporte Lazer Excelência
b4f8921fcc4ff77b66bea6dda43dcd51,Premium Cama Mesa Banho Excelência
b4ffb71f0cb1b1c3d63fad021ecf93e1,Essentials Automotivo Excelência
b55638ad525e906c698fa2ce742c1742,Essentials Pet Shop Excelência
b561927807645834b59ef0d16ba55a24,Essentials Papelaria Excelência
b566ab0ef88016e00422755e305103c6,Select Beleza Saude Construction Tools House Garden
b56828a9f9027f3c918c04ca720d9e3c,Essentials Cama Mesa Banho
b56906f7fd1696e043f1bcce164c487b,Essentials Beleza Saude Excelência
b57e8460909fa137df7951b4a3b5ea84,Essentials Moveis Decoracao
b586cd24c010a13916af621b0325fbba,Select Construcao Ferramentas Construcao Home Decor
b5abf4f36adc043117b4fca82c22984c,Essentials Cama Mesa Banho
b5b800c4065bebf4d3442311c9857344,Essentials Beleza Saude
b5bb2b985208834bd5bd86c7a402bbad,Select Automotivo
b5d034ac251546e25afe9067f05c1539,Essentials Bebes
b5dd7151a92ccaaa282cbe9681a05f44,Essentials Esporte Lazer
b5e3e38609125694d2ea2417522a60b7,Essentials Esporte Lazer Excelência
b5f0712d22a873b6797ab6cc65c3fcba,Essentials Alimentos Bebidas Qualidade
b5f49fe968dff6b112861e6cd8e192ef,Essentials Moveis Decoracao
b64d51f0435e884e8de603b1655155ae,Essentials Utilidades Domesticas Household Utilities Excelência
b67d6c666e8dce1d078c882825e12704,Essentials Esporte Lazer Sports Leisure Excelência
b6c6854d4d92a5f6f46be8869da3fa1a,Essentials Esporte Lazer
b6d44737c043328708f6749c2dbe50bd,Essentials Utilidades Domesticas Excelência
b6dc74ed30f124f95227bed4e43a3bed,Essentials Esporte Lazer Qualidade
b6e1504972665f739dec4facb9943775,Essentials Ferramentas Jardim Excelência
b6f52e346160519c24a23af05410ad32,Essentials Beleza Saude Qualidade
b74d1c09cb380e1d03a6f859c6f4224b,Essentials Brinquedos Excelência
b76a1f8356322f12529c37b67d5c96c2,Essentials Automotivo
b76dba6c951ab00dc4edf0a1aa88037e,Essentials Telefonia Excelência
b76f4d90e85657a240495c876313adc5,Select Brinquedos
b77a27b1864483e721dc831d5ba4afa0,Essentials Automotivo
b7ba853e9551f4558440881fd3e5c815,Select Cool Stuff
b7cc6c5e001441ae8cdd5c69a480cbe4,Essentials Instrumentos Musicais
b7d5b4b87af9d42b601865d3f3810bff,Premium Ferramentas Jardim
b7e1750c1157341d2abd0251e07c186b,Essentials Esporte Lazer
b7ed9fb14c8eadb37adb9c45d67ab0fb,Essentials Papelaria
b8114f2f589a6804810f04f99b36b498,Essentials Utilidades Domesticas Excelência
b81e3a6c866a764974fe849821abeebd,Essentials Utilidades Domesticas Excelência
b839e41795b7f3ad94cc2014a52f6796,Premium Construcao Ferramentas Construcao Excelência
b83cedfb587e7911540e3f576d6917ce,Essentials Beleza Saude Excelência
b8555308bfdb4ca1ed54325a58da9a97,Essentials Moveis Escritorio Qualidade
b8578d2d823bd8e251f6fdd02b40902d,Essentials Esporte Lazer Excelência
b8630e1121437d41cb08e3c749c2c2e2,Premium Instrumentos Musicais Excelência
b86a47b3366e3b5424a7b225781f4908,Essentials
b87a7ea0c30fad2dd6781b74a0064859,Essentials Automotivo Excelência
b88e7c57cb2d8b973b7dd4a2bfa14b36,Essentials Beleza Saude
b8a0adc91af209270c2c725168eb00fd,Essentials Cama Mesa Banho Excelência
b8bc237ba3788b23da09c0f1f3a3288c,Select Utilidades Domesticas Qualidade
b8d890108a7a80e4f5d59eea9f362438,Essentials Informatica Acessorios Excelência
b906dd0e57f282c7089171b6ed07982e,Essentials Esporte Lazer Entrega Rápida
b90e891671cffd9557f33a97dc523645,Essentials Beleza Saude Excelência
b92e3c8f9738272ff7c59e111e108d7c,Essentials Moveis Decoracao Excelência
b94cc9f10ddc85e4ba73a6f7974e7101,Premium Brinquedos Excelência
b98b715fe9e276204e2a3464f48cd796,Essentials Cama Mesa Banho Qualidade
b9a03475e6447e631b6799ec8274800f,Essentials Artigos De Natal Excelência
b9c0ffa92f3ff9a5a3d45ef7213c0842,Select Bebes
b9ca8e8baa5d4aa038394a700f63e69f,Essentials Cama Mesa Banho Excelência
b9de031b671cd48b28fae9d828cbf2b4,Select Automotivo
b9ec22de23f18567de0e09d776ca0309,Select Papelaria Stationery
ba143b05f0110f0dc71ad71b4466ce92,Essentials Livros Tecnicos Books Excelência
ba5daa4041e1f15cdf34b76e3e18a450,Essentials Brinquedos Qualidade
ba6b4a237f92479743cf0ca06b67a9ac,Essentials Eletronicos Excelência
ba6b68b55fe8704377a7d43c8e5c0185,Select Audio Excelência
ba6ce6de456f6c11d08c17701ba5c26f,Essentials Esporte Lazer Excelência
ba89796db68db180bd389de96b2ff3b6,Select Cine Foto Excelência
ba8e85df286308fe68a2ce83a8f8b2d6,Essentials Perfumaria
ba90964cff9b9e0e6f32b23b82465f7b,Premium Eletroportateis Small Appliances Excelência
baa49d93c8c8841e27400a300f5d74b2,Essentials Esporte Lazer
bab0a8cd684e41ba6e2637dca0979d3b,Select Brinquedos
babcc0ab201e4c60188427cae51a5b8b,Essentials Construcao Ferramentas Iluminacao
bac44fa8e13424950488659b5f765c41,Essentials Moveis Decoracao
bac692d6c0ed08467878018e6cc9c26c,Select Construcao Ferramentas Iluminacao
bacb1f0ed56ad24198f5810d2b3fe9a5,Select Brinquedos
baeda7047354773262ba2405f97038ba,Essentials Pet Shop
baf15155e37ef5492731459bdc05be8a,Essentials Cama Mesa Banho
bafc5aa11e413978be29040f51342e70,Select Papelaria
bb135baca94c82fcb731335ad5b04a03,Essentials Moveis Decoracao
bb2afe2061d53c6968aa0cffa233a8ec,Essentials Esporte Lazer Sports Leisure Excelência
bb3dca718920a4d7ec3cc9ffb025108b,Essentials Beleza Saude
bb5bd94c8f59cc050072d2930c869cac,Essentials Fashion Bolsas E Acessorios Qualidade
bb5d956dece964a06c12bceb66b923ae,Premium Automotivo
bb7a14e229b1c95156719c3d9552eeee,Select Eletroportateis Excelência
bb7ad8a45c027be8ab075b8e465f8ca0,Essentials Alimentos Household Utilities
bba3293d6f5d5af2f415e004e8b93ae3,Premium Beleza Saude Excelência
bba74270a87732727b5a3b4fd9ac1c39,Select Automotivo Entrega Rápida
bba8d0c234a52b87b3957037a215d1a4,Essentials Moveis Decoracao Home Decor
bbad7e518d7af88a0897397ffdca1979,Essentials Bebes Qualidade
bbaff50f3b708fda865918715276cd87,Essentials Alimentos Bebidas Excelência
bbd3acfe6de99892e73940d3fdceaf68,Essentials Cama Mesa Banho
bbe87dce25ba8b38bb61cc7210a3f10b,Essentials Construcao Ferramentas Construcao Construction Tools House Garden Excelência
bbf4a892cac7b82422baa711dffb8997,Essentials Pet Shop
bbf9ad41dca6603e614efcdad7aab8c4,Premium Beleza Saude Qualidade
bc07d855eac23aab5ac8a120f21d16b2,Essentials Beleza Saude
bc2ac6b95e1accce9858528ee566c17e,Essentials Livros Importados
bc302730ea8cf49b5c74f579febb5bbf,Select Telefonia
bc30de0d71bd6260b936a026b5cf7200,Essentials Utilidades Domesticas Qualidade
bc39d8938f90a3a2b98193723ed59774,Select Eletroportateis
bc47d5d1490df2b36add65d733eafaba,Essentials Esporte Lazer Qualidade
bc503e244f187939d10c92a5c8e378ce,Essentials Informatica Acessorios
bc8c8d665ec4664d286be0d521722b19,Essentials Beleza Saude Food Drink
bca9230d3bbb4efa51872bf605a2f1ad,Essentials Livros Interesse Geral Excelência
bcc9dd23e2a8bd8267cf92b19304a1b9,Essentials Cama Mesa Banho Excelência
bccf933e006e9b94a6184af782963e77,Essentials Beleza Saude Excelência
bcd2d7510d58e293f20fad6438c1b314,Essentials Bebes
bce6a5ecf98e99fd2a8868b15c51f04b,Select Relogios Presentes Watches Excelência
bcf5566870987da7bc811fbc8c5b9fd9,Essentials Instrumentos Musicais
bd0389da23d89b726abf911cccc54596,Essentials Informatica Acessorios Excelência
bd0a1b0aadca9a83d9304f7e8ff5fbd5,Essentials Telefonia
bd149ed516d4c5d418d5781f8e18919f,Essentials Moveis Decoracao Excelência
bd15ee794d5e640d9dd71b665b2ab15b,Essentials Esporte Lazer Excelência
bd1d49a326abfa9b1036772e40445430,Essentials Beleza Saude Excelência
bd23da7354813347129d751591d1a6e2,Essentials Moveis Decoracao Excelência
bd43e172d599bed47a85da877172ca8c,Essentials Cama Mesa Banho Excelência
bd4431c1a8dfa744b59e1e2a8bc99b9e,Essentials Beleza Saude Health Beauty
bd4889b5e9133b35b66e42a8665cea5c,Select Moveis Decoracao Excelência
bd4ff04377f974574f7f0bf9d6ce7dde,Essentials Automotivo
bd65d163ded559eb90a10cd09fec178f,Essentials Perfumaria
bd697db56ff8e7c9cd1abeb7f72029b2,Essentials Automotivo Excelência
bdae679a9b282249bc23b9b69dae9a99,Essentials Construcao Ferramentas Construcao Construction Tools House Garden Excelência
bdb3edbaee43a761e2d4f258dc08f348,Essentials Papelaria
bdf0d02d36a1d839d0c39c4a887cdd49,Essentials Eletrodomesticos
be1e9e378700cecaa4ebf71433d7915c,Essentials
be3b4b0f050a6aa1b2d901c4b77e979f,Essentials Construcao Ferramentas Construcao
be67f78487e2cecb0d55bc769709e4f5,Essentials Beleza Saude
be7a093e5b4d147b36b72bb1f9e415e5,Essentials Beleza Saude Qualidade
be8e909810184b9b19e886129149d8e5,Essentials Informatica Acessorios Excelência
be9a160a9011f627c3e121d076c1ec7b,Select Ferramentas Jardim
beadbee30901a7f61d031b6b686095ad,Essentials Beleza Saude Excelência
bec568278124768c474ee90971ca94d1,Essentials Moveis Decoracao Home Decor
bede56095ba33c42038fb85f707b8a42,Premium Beleza Saude
bee36b4f9a2b9fdcaff6ec05df202ed0,Essentials Informatica Acessorios
bf00385a5f7fc1ef39a13c2e9ee50a5f,Essentials Eletronicos Audio Video Electronics Excelência
bf0045791395e66460eb04749c68672a,Essentials Papelaria
bf0d50a6410d487dc97d2baac0a8c0be,Essentials Automotivo Home Decor
bf100ecb7997df312b285358fb32f92c,Essentials Beleza Saude Excelência
bf3c6d2a28b2b5501e6c15448982dcc9,Essentials Bebes Excelência
bf84056e679dbe9c69929847a40e338f,Essentials Beleza Saude Excelência
bf961104a38e01b9062ee026bb657dee,Essentials Cool Stuff
bfd27a966d91cfaafdb25d076585f0da,Select Brinquedos Excelência
bfd938b22bc99bce1ae60dc602889f52,Essentials Beleza Saude Excelência
bff9deb0ec77d437f3305a79cf25529e,Essentials Telefonia Qualidade
c003204e1ab016dfa150abc119207b24,Essentials Automotivo Excelência
c00396cbdd2e088fe4281baa5920aef1,Select Construcao Ferramentas Construcao
c004e5ea15737026cecaee0447e00b75,Premium Eletrodomesticos 2 Construction Tools House Garden
c0098efcf800861dcae589affca31408,Essentials Automotivo Excelência
c013e57c075a06e5b5c48ee03c525719,Essentials Pet Shop Pet Excelência
c026ef0d72e9132d9fa112308090c8dc,Premium Casa Construcao
c03121937e54a93fcc1825c3098bbb6e,Essentials Livros Interesse Geral
c04d70d515d15a7e3db3a73320598566,Essentials Alimentos Bebidas
c0563dd588b775f2e37747ef6ad6c92c,Essentials Cool Stuff Excelência
c092292535a57dacd95a8765f5518f87,Essentials Brinquedos Construction Tools House Garden
c0aff2da32c17759d30b22fb0af6649d,Essentials Papelaria Music Instruments Qualidade
c0e0b73d039eb9a99b6ce4cb7a429cd3,Essentials Informatica Acessorios
c0e6839516f5398edc34adf5f1d53d1a,Essentials Esporte Lazer
c0f3eea2e14555b6faeea3dd58c1b1c3,Essentials Esporte Lazer
c0f783394e37cd9c9d7f5f81141450fa,Essentials
c113b8df1fc375bc3d73d29c1b1144d1,Essentials
c12b92bf1c350f3e6bf88d3596219c86,Select Automotivo Excelência
c12d7463a579237ffb9248bd7cff378b,Essentials Fashion Bolsas E Acessorios
c13ef0cfbe42f190780f621ce81f2234,Select Eletronicos
c13fb473e7cb8b83ccd543c094df0608,Essentials Telefonia
c1552b1dab6e6f760950368ae61fb600,Essentials Beleza Saude
c157bdeedcbc9a8e3c8bf0d87ff24428,Essentials Utilidades Domesticas
c161d1327ebc3a156c09582ab2f59f6c,Essentials Perfumaria
c18309219e789960add0b2255ca4b091,Essentials Telefonia
c1849d4d32d7a6cecd5aa471809d3135,Essentials Automotivo Party Qualidade
c1d1ebb4745cc43cb6f05e9c8a705c9a,Essentials
c1dde11f12d05c478f5de2d7319ad3b2,Essentials Informatica Acessorios
c1ed9e3daf6154542826a6996af0fb8c,Essentials Informatica Acessorios
c1f12f926d0ba950578b4fa41115cbb6,Essentials Esporte Lazer
c200c73f9d7e5a08ca439d6a0803da7c,Essentials Esporte Lazer
c240c4061717ac1806ae6ee72be3533b,Essentials Alimentos
c24173065483e421f9e5e7f599de101d,Essentials Esporte Lazer
c26a2be5b53b7db6b276280da212a779,Select Moveis Escritorio
c26ba52cf8d2f34915f2f6b7ffa0a3f3,Essentials Entrega Rápida
c273175f7c6c80fb02f051e2fc6d0d72,Essentials Automotivo
c286ec035ee04ba81c97508f0b5df544,Select Informatica Acessorios
c2bda99904207edd1834f03e0022b007,Essentials Livros Interesse Geral
c2d70ce2c5d0a2eb75e78668236e6dc8,Select Utilidades Domesticas Excelência
c31eff8334d6b3047ed34bebd4d62c36,Essentials Artes Excelência
c3251e13f1bbda6c74e37c160f991e19,Select Automotivo Excelência
c32fc744b9160ac853450488e3cfea93,Essentials Esporte Lazer Food Supplement
c33847515fa6305ce6feb1e818569f13,Essentials Cama Mesa Banho Excelência
c33a5c3c983090c8b78a28e65052a20d,Essentials Perfumaria Qualidade
c353f8fc0ce8344999f17d578eb69a5e,Essentials Beleza Saude
c35672b10ad50968f567ea3f4b91e877,Essentials Beleza Saude Excelência
c35affa65afd250151285c5917fc1c8a,Premium Automotivo Excelência
c360e4787614ed31ac7a2f95d3b22dc6,Select Moveis Escritorio
c37b2059d4f90d4feead554e5246565e,Essentials Moveis Decoracao Excelência
c3867b4666c7d76867627c2f7fb22e21,Select Esporte Lazer Excelência
c394e193cda3b4225ff2094d32184849,Select Bebidas
c398bc00a606d33758afd91f4e64fd15,Essentials Esporte Lazer
c3aad7dc65449ae90a5e9c3c6c1e78e0,Essentials Artigos De Festas Excelência
c3acdfac4e3e97ff87529454fbc03642,Premium Relogios Presentes Excelência
c3cfdc648177fdbbbb35635a37472c53,Essentials Esporte Lazer Excelência
c3e1abd72a42fe690fcd89cf5720fe29,Essentials Pet Shop Pet Excelência
c3e2398fcc7e581cda2e546557bf6968,Essentials Moveis Decoracao
c3ee2331a724e6fc02c4b698b57a73f3,Select Moveis Cozinha Area De Servico Jantar E Jardim
c3f5668699a1b04c0fa61ecea1e2bff6,Essentials Perfumaria
c3fe93ba3085f92855c97e57f38c8c05,Essentials Livros Interesse Geral
c42fd8e4d47dfb18ce5222f2dd7752f9,Essentials Moveis Decoracao
c43d924a0f1688ee9fae0efcd6f539d4,Essentials Cama Mesa Banho
c447f8dd3ed213f291d65ef074a268eb,Essentials Esporte Lazer Qualidade
c458e2045a8aa8964f8879af03fdcce6,Essentials Telefonia Fixa
c4af86330efa7a2620772227d2d670c9,Premium Construcao Ferramentas Construcao Qualidade
c4b911d06343b21dd906651f8101cb49,Essentials Pet Shop
c4d51195486dc781531876a7d00453d8,Premium Telefonia Qualidade
c4f7fee5b0db50e87766f5a4d1b1b758,Premium Cool Stuff
c4fabeea6e569d42d02993bb1f4f1cbc,Essentials Bebes
c4fb51fb1c5b7c07bc5e67be6e7e8f6e,Essentials Utilidades Domesticas Excelência
c500367424994318b9e779ff1ae9a330,Premium Bebes
c510bc1718f0f2961eaa42a23330681a,Premium Bebes Baby Excelência
c522be04e020c1e7b79f3acff36513d5,Essentials Automotivo Excelência
c52c644cc0dc85121207a27013efc6af,Select Moveis Decoracao
c53bcd3be457a342a97e39e5a9f0be22,Essentials Cama Mesa Banho
c542f5a8c64d973f30e9df8d06f70b4a,Essentials Brinquedos
c54679b132454625907c773d273d4126,Essentials Perfumaria Health Beauty Excelência
c5e60e39c0f42b8e827daa13cff74afa,Essentials Cama Mesa Banho Excelência
c5ebe6598748b0aeaa61cfb820478b92,Essentials Automotivo Qualidade
c5f7e746b7e6d07def6c0dae9903279b,Select Pet Shop Pet Excelência
c5f7feb04a6a1fb3596322bfc3cf1917,Essentials Moveis Decoracao Excelência
c60b801f2d52c7f7f91de00870882a75,Select Relogios Presentes Excelência
c611f4ce9ce875bcc063fa97fd4d7d12,Select Ferramentas Jardim Construction Tools House Garden
c6218512d16fcac0af02fe92691cf274,Essentials Moveis Decoracao Excelência
c6381b1321d7d97717a5bb4ed5b77882,Essentials Beleza Saude
c6381d2d013342748761e906d45aff76,Essentials Utilidades Domesticas
c64a2aec32cc408a8a4c6d7c46017f91,Select Casa Construcao Excelência
c66dccfb3f109511246da627dd5a2498,Select Relogios Presentes Excelência
c679fb69a36e1d8349e8c50a217b4d58,Essentials Utilidades Domesticas
c68fb906c8f4b4b946d8386bfa6e5467,Essentials Utilidades Domesticas Excelência
c6a7539d424a8402232c2228d7a03c5e,Essentials Utilidades Domesticas Excelência
c6bda72e4dbf5c5866b13cb1810c6d03,Select Bebes Excelência
c70a353f02429c00775a46a75fb787da,Essentials Beleza Saude Health Beauty Excelência
c70c1b0d8ca86052f45a432a38b73958,Essentials Beleza Saude Health Beauty Excelência
c714262700f93defc16bf17a51a4cb23,Essentials Cool Stuff
c716e0b86ed568878475b60fbb6323ad,Essentials Livros Interesse Geral Excelência
c7246702dc991a06d788120dc7544391,Essentials Cool Stuff
c72de06d72748d1a0dfb2125be43ba63,Premium Informatica Acessorios Excelência
c731d18cea9bf687ffee82a241c25b11,Essentials La Cuisine Excelência
c747d5b92c7648417faea95d36d763e8,Essentials Moveis Sala
c74f14c1e26cf1bd5bd34b6a1e274426,Essentials Livros Interesse Geral Qualidade
c76d418370990614e89e956c7a7567d9,Select Esporte Lazer
c79151301b9d90985d1fa52879213105,Essentials Informatica Acessorios
c794dab4928dd97beb41d05514441e86,Essentials Beleza Saude Excelência
c7a0a13cbcf29d5ce51c8f80afdc0b89,Essentials Fashion Bolsas E Acessorios Excelência
c7b7db6c8f3c64a7cc1afa634db21d50,Premium Utilidades Domesticas
c7bb64409aa480bb7d0335faaaf3d242,Essentials Automotivo Car Accessories
c7c7b2682c648339a0e9846bb1023a39,Essentials
c7dcd301ecfe5ab7f778ac172cf74be7,Essentials Beleza Saude
c7fdb77fdbff3c41981bc52f787e959e,Essentials Cama Mesa Banho
c8025364abeecb115431bf95c11a747f,Select Esporte Lazer
c8143b3069f6746a77421b5ce30a450c,Essentials Beleza Saude
c826c40d7b19f62a09e2d7c5e7295ee2,Essentials Esporte Lazer Excelência
c840d3fdbba0790404fdae73d253b253,Select Moveis Decoracao Excelência
c8417879a15366a17c30af34c798c332,Essentials Ferramentas Jardim Excelência
c84592044b180dec206770c38603814b,Essentials Eletronicos Audio Video Electronics Qualidade
c8467937e403e76a8ee9f0ab13f6f5ef,Essentials Construcao Ferramentas Ferramentas Qualidade
c847e075301870dd144a116762eaff9a,Select Cool Stuff Excelência
c85d7b477a709c85a1e8b8f25aa1b270,Essentials Utilidades Domesticas
c864036feaab8c1659f65ea4faebe1da,Select Esporte Lazer Excelência
c8660dcf9ba70575f45d80fe28c27713,Essentials Pet Shop Qualidade
c8665a4dd081a2c436b1cd921079d0d9,Essentials Beleza Saude Car Accessories
c8771b1a10bb99bb34d3c459c5cffb53,Essentials Brinquedos
c878515173c84a492ebe50d6b493230b,Essentials Esporte Lazer Excelência
c87abc38c8ed3240861729e1aeadf221,Essentials Fashion Bolsas E Acessorios
c88f62b4c386a59281014d677864d016,Premium Esporte Lazer
c89cf7c468a48af70aada384e722f9e2,Essentials Brinquedos Qualidade
c8b0e2b0a7095e5d8219575d5e7e1181,Essentials Automotivo Excelência
c8b3445d737de6befde0c88ede534a5e,Essentials Brinquedos Excelência
c8c1bea22194a4eefa2dc9a9fa89f536,Essentials Pet Shop Excelência
c8cc60ffd415254af5d9b9f34f32c369,Essentials Pet Shop Pet Excelência
c8e135e7b21ecbc36c1153a29d2f5a06,Select Beleza Saude Excelência
c963a25b8671419c6ce9eebe8fd03218,Essentials Moveis Decoracao Home Decor
c97aa4ee7420f937da13b7f9e2228b99,Essentials Pet Shop
c990d6cf976a5718aaedc539f383ab88,Essentials Informatica Acessorios Excelência
c9a06ece156bb057372c68718ec8909b,Select Ferramentas Jardim
c9aafcd0621b2207c10e32c649cada4d,Essentials Beleza Saude Excelência
c9c7905cffc4ef9ff9f113554423e671,Essentials Telefonia Excelência
c9d2ba8dde44a275ae06475ed1d2fafc,Essentials Automotivo
c9e5ad1f6647f5dbd1172adf6ae3cada,Essentials Agro Industria E Comercio Qualidade
ca3bd7cd9f149df75950150d010fe4a2,Essentials Utilidades Domesticas Excelência
ca4b77513ac2040591b0d8fae6958380,Essentials Beleza Saude Health Beauty Excelência
ca5832c6960267b71041f74bb39e8b12,Essentials Musica
ca77545ca4d2dfd1431bf61334e2fa3c,Essentials Esporte Lazer
ca7c6bd577e559472af1c699de9e764e,Essentials Beleza Saude Health Beauty
caa9bc43a9fe8cf9c564ddd8a03cc4a6,Essentials Brinquedos Toys
cab85505710c7cb9b720bceb52b01cee,Essentials Fashion Bolsas E Acessorios Excelência
cac4c8e7b1ca6252d8f20b2fc1a2e4af,Essentials Moveis Decoracao Excelência
cac4e0bc1a3269fa2b6ea5e763f6115b,Essentials Utilidades Domesticas
cac63f48c38cd7d002a7e846dcd99a23,Essentials Brinquedos Excelência
cac876b37d3abcd6bd76caca30277996,Essentials Utilidades Domesticas Home Decor Excelência
cad10cc982ab6a391570c211b995c17c,Essentials Construcao Ferramentas Jardim Pet
cad9969167c09b48ae6f1d123f7fa68d,Essentials Moveis Decoracao Home Decor
cb0b3bcf14e0a709df412a99424a59d7,Select Automotivo
cb162c8eef257253782d245c08d9097c,Essentials Cool Stuff
cb32766839f443db85c82a43c4a6c19e,Essentials Fashion Roupa Feminina
cb3dd9ce66268c7a3ca7241ac70ab58c,Essentials Esporte Lazer Excelência
cb41bfbcbda0aea354a834ab222f9a59,Select Casa Construcao
cb4a705d00e100b9732d0ca34817d441,Select Moveis Decoracao
cb5df0dcb9e280b1780e9d589889f2c7,Select Moveis Quarto
cb5ff1b9715e99589f3e0c7a6afab9e3,Essentials Esporte Lazer
cb6c9f5888a7a090c75beaf615925792,Essentials Ferramentas Jardim Construction Tools House Garden Qualidade
cb810bd318f51b3dc3c753944d61a1fa,Premium Beleza Saude
cb8bcce248bb1fb274ba762d8b971456,Essentials Cool Stuff Excelência
cb9fb4ca75d7ba8437480e8dde64fe98,Essentials Excelência
cbbd5ae8f53de5f5097cd8217b529e24,Select Bebes
cbd996ad3c1b7dc71fd0e5f5df9087e2,Essentials Alimentos Excelência
cbf09e831b0c11f6f23ffb51004db972,Select Utilidades Domesticas Household Utilities Excelência
cc1f04647be106ba74e62b21f358af25,Essentials Beleza Saude
cc3d14116804f7209f3884f6367f1152,Select Eletroportateis Excelência
cc419e0650a3c5ba77189a1882b7556a,Essentials Beleza Saude Excelência
cc5a78bbad32776dc4e3af205218368c,Essentials Utilidades Domesticas Excelência
cc63f0dd2acba93ffed4fe9f8e0321fa,Essentials Utilidades Domesticas Home Office Furniture Excelência
cc80e2f693fa6e2408f47ccf62413fc1,Select Automotivo
cca3071e3e9bb7d12640c9fbe2301306,Essentials Moveis Decoracao Excelência
ccada0ef508e698917a6eab263375905,Essentials Moveis Cozinha Area De Servico Jantar E Jardim Qualidade
ccb83a794700270fde70898fe9ff368b,Premium Esporte Lazer Qualidade
ccbd753e6863fe7314dc6c0ca5a074e7,Select Automotivo Qualidade
ccc4bbb5f32a6ab2b7066a4130f114e3,Select Beleza Saude Excelência
cce6ab8d1682639fe45ab70234f1665f,Essentials Cama Mesa Banho Excelência
ccf8813e5a7d6c84d865cd38bfc2b130,Essentials Moveis Decoracao
cd06602b43d8800bd0afad514919d35c,Essentials Utilidades Domesticas Qualidade
cd2169d9f31ff6fbb9ca3373b0c9e354,Premium Bebes Audio Video Electronics
cd233f8bfa30ebfd651f47ee7d054951,Essentials Esporte Lazer
cd3d09fbe6e3e9ff0c0ac0c300e93ae7,Essentials Automotivo Qualidade
cd52a8efd71af3336b14b5039b951cc1,Essentials Fashion Bolsas E Acessorios
cd68562d3f44870c08922d380acae552,Essentials Esporte Lazer Excelência
cd6efc47efaabf134f8bdb654e10b4f1,Essentials Papelaria Excelência
cd843d4cf8ef32827de0396605163ba3,Select Moveis Cozinha Area De Servico Jantar E Jardim Qualidade
cda598c48d7c614bc1cad7d8ff6f0010,Essentials Automotivo
ce20a2ec1514c25e16f2b5b39bc818f0,Essentials Pet Shop Pet Qualidade
ce248b21cb2adc36282ede306b7660e5,Select Instrumentos Musicais Excelência
ce27a3cc3c8cc1ea79d11e561e9bebb6,Essentials Informatica Acessorios Excelência
ce33c6211beaa8fef4cae8b52db39862,Essentials Esporte Lazer
ce3ad9de960102d0677a81f5d0bb7b2d,Select Bebes
ce4755084bc097113867e6454f8f5e52,Essentials Beleza Saude Health Beauty
ce616e1913288884e7742faac9d981db,Essentials Automotivo Construction Tools House Garden Excelência
ce69a8021d18961dd2a40269b7c2c293,Select Cool Stuff Qualidade
ce7d1888639e6fb06b2749cbfdac1ff7,Essentials Utilidades Domesticas Excelência
cea729054f157f5870bdd321a958d994,Essentials Esporte Lazer Excelência
ceaec5548eefc6e23e6607c5435102e7,Select Cool Stuff Excelência
ceb7b4fb9401cd378de7886317ad1b47,Select Beleza Saude
cecd97bc34ed8330bd4cd15713eda670,Essentials Brinquedos
cee48807215b30a12ca2ca10ffb5f250,Select Automotivo Excelência
cf1313c6e2c01c2f4b014f97db4bcd2b,Essentials Brinquedos Excelência
cf2384dd2f1dddea3f838efed0945e65,Essentials Moveis Sala Excelência
cf281cf8b7affbdfe751b29cc85580e1,Essentials Cool Stuff
cf654707ed6a99f112c7ec3d6f314b8b,Select Fashion Bolsas E Acessorios Excelência
cf6f6bc4df3999b9c6440f124fb2f687,Essentials Artes
cf8ab1616079e2793aa29d524df01bb1,Premium Esporte Lazer
cfa5ab0e4d3fc212fd0b3410e7081c62,Select Moveis Sala Excelência
cfb1a033743668a192316f3c6d1d2671,Essentials Cama Mesa Banho Excelência
cfd7ddab722b902f7ac5b5f3ba6d723d,Select Utilidades Domesticas Excelência
cfe94489ddd337d1e29e12f2a7205d10,Essentials Construcao Ferramentas Seguranca Construction Tools House Garden Qualidade
d03698c2efd04a549382afa6623e27fb,Select Informatica Acessorios Excelência
d05ae8f7a5bd1d2a690a44cd079e4e27,Select Esporte Lazer Excelência
d06d019f72a04e5497a0b64190af170c,Essentials Beleza Saude Excelência
d0d70d21e2234dd7cd3cf63fe414148a,Essentials Cama Mesa Banho Qualidade
d101c6da914ae3d53f7bee42283f2fe2,Essentials Moveis Decoracao Excelência
d12c926d74ceff0a90a21184466ce161,Essentials Esporte Lazer Excelência
d13e50eaa47b4cbe9eb81465865d8cfc,Essentials Alimentos Excelência
d149de2f383552baea37a7198c2296ce,Essentials Brinquedos
d1582f4043306e6b91afa6a8a884f898,Essentials Brinquedos
d17f467e4bf608a510c20d82f4ba3b6b,Select Agro Industria E Comercio
d180e07dc1e58c31c3f0cd599dc4d945,Essentials
d197aa8fbc64087f61984deef05f6227,Essentials Papelaria Qualidade
d1a1b40ec554c593a1a99366746289dd,Essentials Automotivo
d1a5cc844736958c11b8efab9a2b4c87,Select Moveis Decoracao
d1aa1ec0839dcab73a6161130eb1f94a,Essentials Moveis Decoracao
d1b65fc7debc3361ea86b5f14c68d2e2,Select Malas Acessorios Excelência
d1b9d4be4b6f9ebd85f8acd6745ba612,Essentials Moveis Decoracao Entrega Rápida
d1c281d3ae149232351cd8c8cc885f0d,Essentials Cama Mesa Banho Excelência
d1c7fa84e48cfa21a0e595167c1c500e,Essentials Construcao Ferramentas Jardim Qualidade
d1e2fe627180431ffda076abb303c56f,Select Utilidades Domesticas
d1ef48b38baca7e831711c4a0aeb398f,Essentials Eletroportateis Construction Tools House Garden Excelência
d20b021d3efdf267a402c402a48ea64b,Essentials Moveis Decoracao Excelência
d23019c84ffae2d5ef2270367b8605fc,Premium Instrumentos Musicais Excelência
d2374cbcbb3ca4ab1086534108cc3ab7,Essentials Cama Mesa Banho Excelência
d2572f31e9023e9850ef986a636ff9bf,Select Automotivo
d25aa0aaacb370e912f8cf6efeba38b3,Essentials Utilidades Domesticas Excelência
d263fa444c1504a75cbca5cc465f592a,Select Moveis Decoracao Gifts
d26aa40b90272d4843d63be7c1462c8d,Essentials Bebes
d297f1055de2956aedfd3b04113dce3e,Essentials Agro Industria E Comercio
d29ba1220fb8634fa3a107e54497b8a4,Essentials Moveis Decoracao Excelência
d2df77822373f19934e87694d8640767,Essentials Bebes Excelência
d2e753bb80b7d4faa77483ed00edc8ca,Essentials Fashion Bolsas E Acessorios Qualidade
d2f3e277560ed4c6361284429b00f037,Essentials Pet Shop
d32e3909cfb714fb2a6cb092c85b9c5f,Select Utilidades Domesticas Excelência
d354c38a7182125a748cb10474fe963b,Essentials Esporte Lazer Excelência
d3674f271c91f824f82d24d92011f669,Essentials Perfumaria Excelência
d36b07fd3c5088e477a72d1fccfe29d4,Select Ferramentas Jardim
d379f449f2a3b271bc01c0782020f705,Select Moveis Decoracao Excelência
d3891911c2feae53c52fea2bd14054e5,Essentials Telefonia Excelência
d3dcf0604eabf0224fbd5948b5e02f69,Select Brinquedos Music Instruments Qualidade
d3e7d37c0df9aef383f3f2a15b0dddfb,Select Moveis Cozinha Area De Servico Jantar E Jardim
d3f39f05462b79a4562d35893a28f159,Essentials Beleza Saude Excelência
d4828feed4cda2cd9d6b37899a95a71e,Essentials Fashion Bolsas E Acessorios
d4910f1cdcfdabd48d6b316e395d4a23,Essentials Pet Shop Qualidade
d4a5e99e0dd915df64ba55a7fbd583fd,Essentials Beleza Saude
d4d99b60c4c94cd35acd502cec65dc8d,Essentials Moveis Decoracao
d4e12e7884759a14fa0f5f896c791cae,Essentials Cama Mesa Banho Excelência
d4e4b5192cba4e0e66eb12a9d347239d,Essentials Telefonia Qualidade
d4f117125b59ce73c3302f88ee40c458,Essentials Beleza Saude Excelência
d4f91e8be86b38da2ee35bc489645a9d,Essentials Esporte Lazer Excelência
d4ffeb15b67e81ff9af2b4252d99fb7e,Essentials Malas Acessorios Bags Backpacks Excelência
d50d79cb34e38265a8649c383dcffd48,Select Ferramentas Jardim Excelência
d51e0a403fe2e689ece6c73359d96e12,Select Construcao Ferramentas Jardim Excelência
d52cbce9845184537284a23c3bc3da0e,Essentials Papelaria
d558ebe531605a1285ab2b1bc3256dfb,Select Instrumentos Musicais Qualidade
d566c37fa119d5e66c4e9052e83ee4ea,Essentials Esporte Lazer Sports Leisure Excelência
d57e18d5f73c7ccb7f7339b61166898d,Essentials Fashion Bolsas E Acessorios Excelência
d58d521f3789def2e7a22715e0badd93,Essentials Informatica Acessorios
d594982fd877af63ace38ea1fca27c76,Essentials Cool Stuff Audio Video Electronics Qualidade
d598f929fc44e1e38678e7f47250ec04,Essentials Automotivo Car Accessories
d5b9a084373da994a6e37f732169a853,Select Bebes
d5ba419e26d246a0719437cf37d9b46d,Essentials Informatica Acessorios Excelência
d5c530f4884a75ae0dba9c148718d278,Essentials Utilidades Domesticas
d624126b9206f595fb3fbb6ba03b28a8,Select Automotivo Excelência
d63c73efd41eb002280e7ec831424edb,Premium Beleza Saude Qualidade
d63f306de130e0391d38a792541723b8,Essentials Automotivo Car Accessories Qualidade
d650b663c3b5f6fb392b6326366efa9a,Select Relogios Presentes Excelência
d65f31d2413268e671989503f6cf9993,Select Automotivo
d66c11a9572221d92fbb8c4897db5f9b,Essentials Eletronicos Household Utilities Excelência
d66c305afaec317ebee552073a674429,Essentials Consoles Games Excelência
d673a59aac7a70d8b01e6902bf090a11,Essentials Bebes Excelência
d6ab728cf30867cf3f1a2e216ae2f9b7,Select Esporte Lazer Excelência
d6b1ce66b035a475f00c017792ff9769,Essentials Construcao Ferramentas Iluminacao Excelência
d6b664fa0667064c6d76394e7848d790,Premium Ferramentas Jardim
d6cd01c59123df02fc226eadbadb5f89,Essentials Eletronicos
d71d863e5ef30d94e440c11be17dcd8f,Select Telefonia Excelência
d73cbd89533ce8b041a9190241453ac8,Essentials Fashion Bolsas E Acessorios Excelência
d7485b33791774c36108f8c69602d48d,Essentials Esporte Lazer Excelência
d7827b2af99326a03b0ed9c7a24db0d3,Premium Ferramentas Jardim Construction Tools House Garden
d79e8478eed9999493990b44955fb22e,Essentials Informatica Acessorios
d7ab82074b5f1dfba46db123df101bff,Essentials
d7b2377bae6ace1b11fc69a11900ac36,Essentials Fashion Underwear E Moda Praia
d7d517afce974cd491b8d52bb5b5b1fc,Essentials Utilidades Domesticas
d7f1cfc638473be93baedbfd02208016,Essentials Flores
d85efbc8eff2b7adf524e2820569adc8,Essentials Papelaria
d8b8f2cf9ff6ba0389072541cb42498c,Essentials Beleza Saude Excelência
d8bf0fc082fd4a77fc2e5679b6c00133,Essentials Construcao Ferramentas Construcao Construction Tools House Garden
d8c7ba53e7e38711eaef8c2849d6d2e1,Essentials Cama Mesa Banho Excelência
d8cf3b6a2151949f930d0252b180ec42,Essentials Bebidas Qualidade
d8d9567d0bfb0bc7eb845a205ba42657,Essentials Livros Interesse Geral Books
d8dd176509baa37f359644d082bf7f7b,Essentials Cool Stuff
d90fe2229fee1a5da999ccd0c06c1667,Essentials Automotivo
d91fb3b7d041e83b64a00a3edfb37e4f,Essentials Eletrodomesticos Excelência
d921b68bf747894be13a97ae52b0f386,Select Relogios Presentes Excelência
d93844a9c55ba7ce353388bcf849ea56,Select Moveis Decoracao
d93919c944be9cff128f6c9cb899eacb,Essentials Artigos De Natal Excelência
d93b8458c6fe139d85cfa5eadbf55bd2,Essentials Esporte Lazer
d9442042130b7fe579d1295f9f4a248f,Essentials Ferramentas Jardim Excelência
d94a40fd42351c259927028d163af842,Essentials Utilidades Domesticas Excelência
d94ba08b99bedd6a5f6c875ecc4a6fac,Essentials Utilidades Domesticas
d97df38225e5abadaff1e72cb72b823c,Essentials Automotivo Excelência
d98eec89afa3380e14463da2aabaea72,Essentials Bebes Excelência
d9a84e1403de8da0c3aa531d6d108ba6,Essentials Brinquedos Toys Excelência
d9b00a97818674c7f8d8b1ef0e689679,Essentials Beleza Saude
d9bd94811c3338dceb4181f3dbc0c73e,Essentials Perfumaria Excelência
d9c349beabc06aa6ff1c6d68b5e9e22e,Select Construcao Ferramentas Construcao
d9cb0052a666de5308b32f32ad5f1b1c,Essentials Beleza Saude Qualidade
d9cd369bffa979d1634f8e1318bf2f1b,Select Casa Construcao Excelência
d9d43faf741ceaa8da52fdbb81d9e0e3,Essentials Livros Interesse Geral Excelência
d9e7e7778b32987280a6f2cb9a39c57d,Essentials Beleza Saude Qualidade
d9e8c084b68fe958861d8f2c21202e6b,Select Agro Industria E Comercio Excelência
da03c298e3999e9d828591fc2179d109,Select Alimentos
da20530872245d6cd9d2f5725613c430,Essentials Esporte Lazer Entrega Rápida
da2782c804606d2a5d8e1760dbb3e7ec,Essentials Bebes
da3fede3469bf49b7293ce3fc45b294d,Essentials Livros Interesse Geral Excelência
da4d149c0ddbac90557103ac0a0ec356,Premium Casa Construcao Sports Leisure
da6a60cc8cc724fe51be021ff8be779c,Essentials Livros Interesse Geral Books Excelência
da7039f29f90ce5b4846ffc0fcc93beb,Essentials Cine Foto Audio Video Electronics Excelência
da8622b14eb17ae2831f4ac5b9dab84a,Essentials Cama Mesa Banho Excelência
dace965ca58120f92f8d742a9fa1864b,Select Beleza Saude Health Beauty
dadc51ef321949ec9a3ab25cd902e23d,Essentials Eletroportateis
daeb5653dd96c1b11860f72209795012,Essentials Brinquedos Excelência
daf565f087a52def0fd5c5825b3661bc,Essentials Cama Mesa Banho Home Decor Qualidade
db1f0f7c7e5e87f40b62226f020bb297,Essentials Sinalizacao E Seguranca Excelência
db2956745b3a8e9f3785c99f34b5d25e,Select Beleza Saude Audio Video Electronics Excelência
db4350fd57ae30082dec7acbaacc17f9,Essentials Telefonia Excelência
db46ca7bce82b11f7e247539271fc390,Essentials Pet Shop Qualidade
db6a4d4b5f1f5f98820ce6ce2619e2de,Essentials Malas Acessorios
db7ed69a53aa9fb1c01930ba54a88bbe,Essentials Esporte Lazer
dbb9b48c841a0e39e21f98e1a6b2ec3e,Essentials Utilidades Domesticas Excelência
dbbcfe2c8d026742134ac3e28ccde274,Essentials Esporte Lazer
dbc22125167c298ef99da25668e1011f,Essentials Malas Acessorios Excelência
dbc51f5e45d654ecc16cb68e6817ecea,Select Beleza Saude
dbd66278cbfe1aa1000f90a217ca4695,Essentials Eletronicos Excelência
dbdd0ec73a4817971d962698f2fea022,Select Beleza Saude Health Beauty Excelência
dbec9a0a7efeff029d4d9dce7dc4cc95,Select Moveis Decoracao
dc120d932ddf9d4dfb6fd68beefda622,Essentials Informatica Acessorios
dc317f341ab0e22f39acbd9dbf9b4a1f,Select Cool Stuff Excelência
dc4a0fc896dc34b0d5bfec8438291c80,Essentials Cama Mesa Banho Excelência
dc50afafdfa325eadc890c7fa42a8f4e,Essentials Eletrodomesticos Audio Video Electronics Excelência
dc64d75cc406bb0697be983831430e60,Select Informatica Acessorios Audio Video Electronics
dc7192adf8ba09569261f4a8d576afe0,Essentials Portateis Casa Forno E Cafe Household Utilities Excelência
dc8798cbf453b7e0f98745e396cc5616,Essentials Fashion Roupa Masculina Excelência
dcb7367a92f5ffb89f1e2152ed260285,Essentials Sinalizacao E Seguranca
dcf3755cefcdc158ad0b7bdde51e871b,Essentials Moveis Decoracao
dd264199fc8b687ad029de7de6d760e6,Essentials Automotivo Excelência
dd2bdf855a9172734fbc3744021ae9b9,Essentials Cama Mesa Banho Excelência
dd39ad39b5d3df33037e141c72497ba6,Essentials Brinquedos
dd4d95ba2d15c071e6c695e2ef6ce169,Select Papelaria Excelência
dd533b429f380718b70ad9922c294bae,Essentials Brinquedos Excelência
dd5450b022b2d00a2145a66331e1aef6,Essentials Utilidades Domesticas Household Utilities
dd55f1bb788714a40e7954c3be6df745,Select Cool Stuff
dd58ee93286b0821565574c570e9e1dc,Premium Beleza Saude Qualidade
dd7ddc04e1b6c2c614352b383efe2d36,Essentials Pet Shop Excelência
dd88d13bea9e4c2bf47daf224f8141e5,Select Moveis Decoracao
dd8a29ce82d5c705ba932d81494600a5,Essentials Market Place
dd9661d3cda1e6feb237f0c4d8b26f2e,Select Utilidades Domesticas
dda37071807e404c5bb2a1590c66326f,Select Malas Acessorios Bags Backpacks
ddd51ae8cda92f3995a51fc0f0f3eec7,Essentials Utilidades Domesticas
dde698c6d0bd24834c586e5111c2bba7,Select Fashion Bolsas E Acessorios
de09d00cfc265b8804c7df34075a68fa,Select Fashion Bolsas E Acessorios Excelência
de0c78824586e9a5f5f04fd84e25df39,Select Pet Shop Excelência
de23c3b98a88888289c6f5cc1209054a,Select Brinquedos Excelência
de66a66f2dd06bb9ec37aa96987466a3,Essentials Moveis Decoracao Excelência
de722cd6dad950a92b7d4f82673f8833,Select Informatica Acessorios Excelência
de9727ca376d1be6ec121b110aa7954c,Essentials Informatica Acessorios Excelência
deaadd805612bf94faaa9fa702516e11,Essentials Esporte Lazer
debe6615cd90cc0c2eac2b8988e1f628,Essentials Eletronicos
dedcab67899479e4ea5dcc4eba47f587,Essentials Automotivo Car Accessories
dee656f0f566ed1aa85bd137c943f08f,Essentials Esporte Lazer Excelência
df0f42bc4c2142eacf0eaf2cffd0cfbb,Essentials Beleza Saude
df47da4ae86fa4db890d05aaf24e21d8,Essentials Utilidades Domesticas Excelência
df560393f3a51e74553ab94004ba5c87,Essentials Ferramentas Jardim Qualidade
df56d7b40d437f88407c5f78b63bc328,Essentials Esporte Lazer Excelência
df683dfda87bf71ac3fc63063fba369d,Essentials Moveis Decoracao
df91910b6a03bb2e3358fa6a35e32f6f,Select Utilidades Domesticas Food Drink Excelência
dfa0c4c6229ab200a4a1336b4d7128ff,Essentials Utilidades Domesticas Home Decor Excelência
dfc475d54e1b6dbeeb7d7d9bdaa63827,Essentials Utilidades Domesticas Qualidade
dfc5fb7259bb2b599ca565e6e9448f0f,Select Ferramentas Jardim Excelência
dff87e4de60c9736ce8df835951b09bc,Select Ferramentas Jardim
e00d85ce20ea50c1224c66ca5050527d,Essentials Audio
e0482f2c769468c3bbcd8a01e09d98c5,Select Construcao Ferramentas Seguranca
e0487761face83d64fcada2408959a36,Essentials Alimentos
e067ad2c1c0b48758eb1b5228bcf7a68,Essentials Pet Shop Excelência
e06f09ec0a4aca210779cf1cfc63cf19,Select Utilidades Domesticas Excelência
e0878efa0e0b7e5313ac0b43bc04c081,Select Brinquedos Qualidade
e09887ca8c7bf8a4621ce481820414ef,Essentials Moveis Decoracao
e0a366315b1b726b6c7832d664c0f530,Select Construcao Ferramentas Construcao Excelência
e0a3c37054ade6478d923a6efc10f308,Essentials Bebes Baby
e0b162a693bc7f9eab00f783a31d60ea,Essentials Beleza Saude
e0eabded302882513ced4ea3eb0c7059,Select Consoles Games
e116c7455dd26a4d8c3e92532583905f,Essentials Esporte Lazer Health Beauty
e1643dff33666ca629e3644c02738179,Essentials Utilidades Domesticas Household Utilities
e174dc2de86d60fee178170a154c05e7,Essentials Automotivo
e1a210d482714ce337763a19aef94ba4,Essentials Esporte Lazer
e1b12447a7563944843191754aeb5562,Essentials Esporte Lazer
e1bed63d68ac36fe1f3061befe196af5,Select Cool Stuff Excelência
e1c76f339ebd5460999f25a2aa8c92c5,Premium Eletroportateis Small Appliances Excelência
e1dc0754bada9ee4cfe9713f22f61292,Essentials Bebes Toys
e21a1e8be4715b0fcfd5385643bc49c4,Essentials Automotivo
e24d3429d294b2eb200b064ebb035879,Essentials Beleza Saude Excelência
e24fc9fcd865784fb25705606fe3dfe7,Select Beleza Saude Excelência
e250d617a0ad591ba9bd663e584a895d,Essentials Moveis Decoracao Home Decor Excelência
e256a62e0ac58c0edfba09966142d561,Essentials Utilidades Domesticas Excelência
e26901d5ab434ce92fd9b5c256820a4e,Essentials Ferramentas Jardim Excelência
e2a1ac9bf33e5549a2a4f834e70df2f8,Premium Informatica Acessorios Excelência
e2aee0892199b1d92530e371abd825bf,Essentials Esporte Lazer Qualidade
e2c92f9c1c7746d899d18f2e158bbff7,Essentials Automotivo Excelência
e333046ce6517bd8bb510291d44f0130,Essentials Utilidades Domesticas Excelência
e38db885400cd35c71dfd162f2c1dbcf,Essentials Cama Mesa Banho Excelência
e3a386fc36e22064434e1fa256f6a9fa,Essentials Beleza Saude Excelência
e3b4998c7a498169dc7bce44e6bb6277,Premium Cool Stuff
e3d3b3efac954a60d61be70b7e05b49b,Select Casa Construcao
e3dd723429d1b23614b7fa85e2c7a853,Essentials Beleza Saude
e3e15e2c0b9700561efac21c6be48066,Essentials Utilidades Domesticas
e3e290b38963293022cdcd6db8328103,Essentials Esporte Lazer
e4253cef933647000a82ff39c67b7bde,Essentials Fashion Bolsas E Acessorios
e433f5fd4050e3352b5d83522b7fe24b,Premium Casa Construcao Construction Tools House Garden
e439f7176d763f92de325271111b2fd5,Select Eletronicos Qualidade
e45edf75f568ed2f93f78d060e246e25,Essentials Utilidades Domesticas
e46bc031f2c5bae4ccb40bb90712e9b4,Select Automotivo
e48b04bf1aa1ef711caebeb7aede6180,Essentials Bebes Qualidade
e48cc16ab70bfa09e1401740dce0b3d7,Essentials Informatica Acessorios Excelência
e49c26c3edfa46d227d5121a6b6e4d37,Essentials Consoles Games Excelência
e4ebd3f87bf70440014f07ddda7fbe03,Essentials Beleza Saude Excelência
e4f121bf6ef8b9a1d4d3e65dd0473fab,Essentials Artigos De Festas
e4fc40017a6d22c46a14ac2e17f87c3e,Essentials Moveis Decoracao Qualidade
e503f22be6a4f456d9851920a5d9c670,Essentials Bebidas
e504a4e2efaa45cbff7e268a2c58c956,Essentials Utilidades Domesticas Home Decor Excelência
e51f22821f0c12a16ad5c020cdcd55e9,Select Informatica Acessorios
e53d5b9b29d1218281f4a907ada18626,Essentials Brinquedos Qualidade
e546117ed9cafbc40239c0c78635c584,Select Perfumaria Excelência
e5475dcab1e07b63d7f6e902d8f5eda8,Select Esporte Lazer Excelência
e5545d4d4473876ea78c5bcebca365c3,Essentials Brinquedos
e560e4022d8f7aebf155db95946c5c0f,Select Cool Stuff Excelência
e5899683388855d3dabe8913bbe365de,Select Moveis Decoracao Qualidade
e58a5b390e28abc0b216cfb0e07d27d7,Select Esporte Lazer Bags Backpacks Excelência
e595809a6c31ec4314fd06ef198c244d,Essentials Telefonia
e59aa562b9f8076dd550fcddf0e73491,Select Agro Industria E Comercio Excelência
e59e489e2ea74bd409b798b5daf49de3,Essentials Moveis Decoracao
e59e575a175fadcadf8479e191770425,Select Climatizacao
e5a3438891c0bfdb9394643f95273d8e,Essentials Fashion Bolsas E Acessorios Excelência
e5a38146df062edaf55c38afa99e42dc,Essentials Utilidades Domesticas Excelência
e5bd51692380fd8cabb19b756b95e714,Essentials
e5c84227854980f1db19a58958c551d9,Essentials Utilidades Domesticas Qualidade
e5cbe890e679490127e9a390b46bbd20,Select Beleza Saude Food Supplement Excelência
e5d4b2b0c3bca22085f7a19a28de0c42,Essentials Utilidades Domesticas
e5def42655b7490edac5a56fe8e9e603,Essentials Relogios Presentes
e5e33c0d8e7e002f398f5dc4cbbb338f,Select Automotivo Excelência
e5f9e61ceb5f523cc966e0f34095032f,Premium Cool Stuff
e601b04acf48b4576e73ddca9481f0dc,Essentials Ferramentas Jardim Excelência
e603cf3fec55f8697c9059638d6c8eb5,Essentials
e627629ba868740e287800f1a9be81c2,Essentials Alimentos Bebidas Excelência
e628d4a53c109f09ca88098338b3a3f5,Select Ferramentas Jardim
e62b2d6ac10570a035a30bafcf01d263,Essentials Flores Excelência
e63e8bfa530fb16910dd6956e592bb81,Essentials Utilidades Domesticas Excelência
e644cbadf7eeb30d0d29f335ce7d52ec,Essentials Consoles Games Qualidade
e64882b4ef12aee8d0faca4db5b681f4,Essentials Construcao Ferramentas Seguranca
e64d65bc8dbec2accda90c58de5d1246,Essentials Beleza Saude Qualidade
e64ddbe1cbcf4f2fc3092b7c481f3f9d,Essentials Beleza Saude
e6a69c4a27dfdd98ffe5aa757ad744bc,Essentials Utilidades Domesticas Excelência
e6ffc9ac6a7adc9d16a1cfc2286dd546,Essentials Cama Mesa Banho
e70053bf73d1b5863932e53a9fa47496,Premium Telefonia Excelência
e72b4feb7abe210c52aa667abc25a3a2,Essentials Cama Mesa Banho Excelência
e732329483fd5f27367dd997b47f598a,Essentials Fashion Bolsas E Acessorios
e73bf2cea7fe4b0b4d287a7568ed1099,Select Construcao Ferramentas Construcao
e76ecc7e9a1a1e3c6df9d2a8261c423d,Essentials Livros Interesse Geral
e7d5b006eb624f13074497221eb37807,Essentials Informatica Acessorios Excelência
e7df4cd29ab5abab70fb0783ddb53987,Select Esporte Lazer Qualidade
e7f3bf1ecd8526eb7f3b18059e6716e5,Essentials Brinquedos Excelência
e819bcfade7b5d88a27325eb6cfd62c5,Essentials Moveis Decoracao Home Decor
e81e1f9c3e762e620f3fb60a51499e16,Select Esporte Lazer Qualidade
e82de6494d91d3c4c54450f59b227a94,Essentials Relogios Presentes
e83c76265fc54bf41eac728805e4da77,Essentials Automotivo
e83e93b71371817b11d78a63ff156aee,Essentials Moveis Decoracao
e84ad2127668df3aafc6b73531a0beb8,Essentials Cool Stuff Excelência
e88165a185134e13fdfc85d4fa654db8,Essentials Esporte Lazer Excelência
e882b2a25a10b9c057cc49695f222c19,Premium Eletrodomesticos 2 Excelência
e883aa812c37a7413226856f4579fe91,Essentials Eletroportateis Excelência
e88c9b79e592e370d6bd852eeefbf057,Essentials Brinquedos
e88f7a2995ba184710d339c5c4bf2e30,Essentials Pet Shop
e89c4adbe7b1d0819dbb636e16461cf1,Essentials Esporte Lazer Excelência
e8a85b5f3df47be0984c55fd4064dbb4,Essentials Utilidades Domesticas
e8b3a3a38279a82f0e5d006d5e5b7d2c,Select Consoles Games Excelência
e8b4225284fbb02d16f200513f1f395d,Select Bebes Excelência
e8dba4d70f7f2b20e775d09cae01142d,Essentials Esporte Lazer Bags Backpacks Excelência
e8f6dc8e6a1dcde89d20e3995c8d90b3,Essentials Moveis Decoracao Excelência
e8ff5a6ceb895583033fc2a0f314e3c2,Essentials Fraldas Higiene
e908c0f3646e8b60375734a350d95d71,Premium Informatica Acessorios
e94b64dc6979b302a5a5be1662c83bb6,Select Construcao Ferramentas Iluminacao Home Decor
e9511df20ccd82658a30c37b7fb343af,Essentials Construcao Ferramentas Construcao Excelência
e96498ed8daaa3e9c23f7a62da76591c,Select Automotivo Excelência
e9729944ba65dc3ce425e0c5a22ae7b2,Select Ferramentas Jardim Excelência
e9779976487b77c6d4ac45f75ec7afe9,Essentials Esporte Lazer Excelência
e9874ae10b2d60d43917b6bbfa13a599,Select Cama Mesa Banho
e99e927c81e3f51739c94fcdfca9f10f,Essentials Ferramentas Jardim
e9b6c33b71b67737693b4cfa68341c8d,Essentials Utilidades Domesticas
e9bc59e7b60fc3063eb2290deda4cced,Essentials Informatica Acessorios Excelência
e9c2dc0dd4ac38448289be644ac94f42,Essentials Brinquedos Sports Leisure
e9c6969d40e6a3d2d0f90013165c2b98,Premium Pet Shop Excelência
e9d99831abad74458942f21e16f33f92,Essentials Informatica Acessorios Excelência
e9e446d01bd10a97a8ffcfc4a3a20cb2,Essentials Perfumaria Health Beauty
ea00f977a203ff88adf7057cb7806998,Essentials Automotivo Excelência
ea1776927851da2532aa70d6a32c095a,Essentials Portateis Cozinha E Preparadores De Alimentos Excelência
ea3ebea5317b0efbc663ecc8ce5e9bc2,Essentials Automotivo
ea4e9ce63a2134743b4a92777437fcdd,Essentials Climatizacao Audio Video Electronics
ea566164622c6b439516ab18062c42cd,Select Beleza Saude Excelência
ea65d8b58316a6f2362f2a9e4b3e86ad,Select Construcao Ferramentas Construcao Qualidade
ea67327e24487bdfac5fbfa37ea124df,Select Cama Mesa Banho Excelência
ea6b12bf9ffe2bac34602ec631d97a47,Select Brinquedos Excelência
ea846a0e7ad98a741783e886d89dfa44,Essentials Perfumaria
ea8482cd71df3c1969d7b9473ff13abc,Essentials Telefonia Excelência
eaaa46e98c9e61f6764dd1d7a2ab8b3e,Essentials Eletroportateis Excelência
ead2bab70821ea148476ae9bc08548ac,Essentials Fashion Bolsas E Acessorios Excelência
eae9af4811c294c56795d70e715b7337,Essentials
eaf6d55068dea77334e8477d3878d89e,Essentials Automotivo
eb1bf309f4f6af9a97e9ddac3fdbeabe,Essentials Esporte Lazer
eb3071b9f0b0ddaa2df5ea130f09f26b,Premium Moveis Quarto Qualidade
eb4a59a06b3948e851a7d7a830bcbc42,Essentials Beleza Saude
eb4df17aed01d918c65f0f8d650900c0,Select Automotivo
eb5b6204dde3a6e03b5f1bb8479f055b,Essentials Utilidades Domesticas Excelência
eb72802c83dc7547529c9546d1a9b8ef,Essentials Beleza Saude Health Beauty Excelência
eb9267cccc90f1b49c8d2f9887c7dd97,Select Esporte Lazer Sports Leisure
eb9cd5b35d95206585e2185318cb5c61,Select Moveis Decoracao
eba88037e1dca898cd02881f67ced679,Essentials Papelaria Entrega Rápida
ebd1417732defaf66c50b5a800eb293e,Select Cool Stuff Excelência
ebd2d60905fb58271facef5596b620d3,Essentials Beleza Saude Excelência
ebe3dabc4955c9b0d695e7bda38bf5c3,Essentials Informatica Acessorios
ebef8d8c92b4fd3226e5d407bbff21ac,Essentials Esporte Lazer
ec21206b7894c503788a684a7bc822a6,Essentials Bebes
ec2e006556300a79a5a91e4876ab3a56,Essentials Construcao Ferramentas Construcao
ec4608a1f76453166bb312b2968aeaf4,Essentials Moveis Decoracao Excelência
ec5c1d94df153d473b37f880977ae58e,Essentials Beleza Saude
ec80e49e69745ab6c14f984bf2149423,Select Utilidades Domesticas Excelência
ec8463980a4e0ea9f8517aea1ed0c419,Essentials Construcao Ferramentas Iluminacao Home Decor
ec8879960bd2221d5c32f8e12f7da711,Essentials Informatica Acessorios Qualidade
ec933281fb017b5020d06df29c3f77e8,Select Bebes
ecccfa2bb93b34a3bf033cc5d1dcdc69,Essentials Beleza Saude Excelência
ececbfcff9804a2d6b40f589df8eef2b,Essentials Beleza Saude Excelência
ed4311e67debd72b8610a5347a743087,Essentials Utilidades Domesticas Excelência
ed46f1eb4a638113deb2a1137b5f22e9,Premium Beleza Saude
ed49da7cadefc454d6a67de249eab240,Essentials Esporte Lazer
ed4acab38528488b65a9a9c603ff024a,Select Informatica Acessorios Excelência
ed859002ad59dbf8cf3602696a6c3000,Select Climatizacao
ed8cb7b190ceb6067227478e48cf8dde,Essentials Portateis Cozinha E Preparadores De Alimentos Home Appliances Excelência
ed9eef5be0992d413d251fadba1a410d,Essentials Moveis Decoracao
edb1ef5e36e0c8cd84eb3c9b003e486d,Premium Beleza Saude Excelência
edb58a1390adf273840030a3d6253829,Essentials Eletrodomesticos
edb65fe661681b1c0de8bd47c8655855,Essentials Eletroportateis
edc518ba25576a0188a0e8f2c3af186f,Select Utilidades Domesticas Excelência
edd066cd02126d7800f9b66e980e9931,Select Utilidades Domesticas
eddd1991bd6d9309995a480c39b95137,Select
ede0c03645598cdfc63ca8237acbe73d,Essentials Informatica Acessorios Excelência
ede2977fbaf3738583170735ca403f6c,Select Beleza Saude
edf3fabebcc20f7463cc9c53da932ea8,Select Moveis Decoracao
edf96ef93ed595084bbcbd9224bd2894,Essentials Eletronicos Qualidade
ee27a8f15b1dded4d213a468ba4eb391,Premium Artes
ee2fbacc2fc3794e656cc4d933d59ce7,Select Esporte Lazer Small Appliances Excelência
eeb6de78f79159600292e314a77cbd18,Premium Ferramentas Jardim Excelência
eebb3372362aa9a46975164bed19a7e7,Essentials Telefonia
eec3469d83e142f9a104886655338c37,Essentials Moveis Decoracao
eed78ac17f7f795a19a709745f00cd4e,Essentials Moveis Decoracao Excelência
ef0ace09169ac090589d85746e3e036f,Essentials Perfumaria Excelência
ef2fbc2b607d8492bcffe657a4645434,Essentials Automotivo Excelência
ef30892870c278497523264be1be2241,Essentials Papelaria
ef506c96320abeedfb894c34db06f478,Essentials Telefonia Excelência
ef728fa1f17436c91ed1ccd03dcf9631,Essentials Artes E Artesanato Excelência
ef990a83bbea832f36ebe81376335aa8,Essentials Esporte Lazer
ef9952469137ff190bacafe117f51537,Select Moveis Decoracao Excelência
efb628aa07c8ca93d7db0d85b91a4f5a,Select Moveis Quarto Entrega Rápida
efcd8d2104f1a05d028af7bad20d974b,Essentials Fashion Bolsas E Acessorios Excelência
efff9341f3f8f5237b44ff67ed36a7bf,Select Ferramentas Jardim
f00e21b1e91a79653163b7fd8f293ff1,Essentials Brinquedos Excelência
f00f5b35d0abcacbdd863672f4bb2c1a,Select Moveis Decoracao
f021c962aaba8ef6eb527a9c2c8394d1,Premium Instrumentos Musicais Excelência
f049a72cf58fd31b11f8919cade515e7,Essentials Beleza Saude Audio Video Electronics
f0563bacf40c311f1c4d3d6b67b8a7a7,Premium Eletronicos
f0837c8d71434931d9e38e7b79234797,Select Utilidades Domesticas Qualidade
f08a5b9dd6767129688d001acafc21e5,Premium Informatica Acessorios Excelência
f08c008c8a8d31417763738a1788a2a8,Essentials Esporte Lazer
f09b760d23495ac9a7e00d29b769007c,Essentials Esporte Lazer
f09e26011d833ddab11593c1a097a92a,Essentials Moveis Decoracao
f0b47fbbc6dee9aafe415a6e33051b3f,Essentials Livros Interesse Geral Excelência
f0e103c63864d5405b958d984b6e94c9,Essentials Beleza Saude
f0ec6a2adb05c62655a26dd347b8dede,Essentials Beleza Saude
f0ec78809fe0bc3edb11c9fe5b97b059,Essentials Utilidades Domesticas Household Utilities
f114dca2828bf718548db175ebe2cfcd,Essentials Esporte Lazer
f1198c871e0171278b63f40d112caeec,Select Moveis Cozinha Area De Servico Jantar E Jardim Qualidade
f125f3a310c2e5f822d116147de1e474,Essentials Construcao Ferramentas Construcao Qualidade
f12d3c2a14729ae461b920c11fe20fdc,Essentials Papelaria Home Decor Excelência
f12ff17ad8bbf01ec5c33b17e506649b,Select Automotivo Excelência
f18112da765e0971ca5d510dec322bdd,Select Qualidade
f181738b150df1f37cb0bd72e705b193,Essentials Cool Stuff Excelência
f19516b9ff26bfeb091b30108db4ddbd,Essentials Construcao Ferramentas Jardim Excelência
f1b854361f4e15d5851b494df66f22b2,Select Pet Shop Pet
f1b93673502375d491780bb49d615dbc,Select Construcao Ferramentas Construcao
f1c1ac3f3efc07e659c035008e615e66,Select Automotivo
f1ce5fdecd64935c28b9ff932751d0dc,Essentials Moveis Decoracao
f1ed6bd0a9b11b581f16c851c6a5a527,Essentials Papelaria Qualidade
f1fd5ab1181f827ffad998c1a5de7d74,Premium Malas Acessorios Excelência
f1fdf2d13186575751aa25876536d85c,Essentials Esporte Lazer Sports Leisure
f205b1a3ca9a34e0f8a228bae6e4c7b3,Essentials Moveis Decoracao Qualidade
f214d28e8d8e3ef068748498ccc2f813,Essentials Fashion Bolsas E Acessorios Excelência
f22a247b79dd22ecd91dc8e3b2a1b07c,Essentials Beleza Saude Health Beauty Excelência
f2336e113377dd21c744d9c4fc8293a9,Premium Ferramentas Jardim Excelência
f235413f677777a0738ff215d0184901,Premium Automotivo
f25e239052084705e17a982bc600ab2a,Premium Pet Shop
f262cbc1c910c83959f849465454ddd3,Essentials Informatica Acessorios Excelência
f266295f49a28eee21f413e0cbb0521d,Essentials Construcao Ferramentas Construcao
f26d70155c2b6326fcfa1780c8c684e4,Select Ferramentas Jardim
f27e33c6d29b5138fa9967bcd445b6d5,Essentials Eletronicos Excelência
f3041c2e75ec683697a6a5ea82192210,Essentials Moveis Decoracao
f3055483058c84d75ca2a3314fb4deef,Essentials Pet Shop
f307937c1bb287c3efc2a514b94b0d1d,Select Automotivo
f326006815956455b2859abd58fe7e39,Select Esporte Lazer Excelência
f3295428338a40977a03f555246a70f4,Essentials Beleza Saude Qualidade
f3511c85f59f8dec53d140501ee8e7a8,Essentials Beleza Saude
f356c348fbc8df6a882823e21f5ce8b7,Essentials Utilidades Domesticas
f35b3c613c4f7b2275f4185d0a3c59ec,Select Esporte Lazer Qualidade
f35becee938e982bd615edf8ef12bcfb,Essentials Casa Conforto Excelência
f3862c2188522d89860c38a3ea8b550d,Essentials Perfumaria
f3975e8a41157005d4bcbb358678cd9b,Essentials Bebes
f3b80352b986ab4d1057a4b724be19d0,Essentials Beleza Saude Excelência
f3c38ab652836d21de61fb8314b69182,Essentials Informatica Acessorios Computers Qualidade
f3da5b2ff499efb8d4a6d371d175d7dd,Essentials Utilidades Domesticas Excelência
f410c8873029fcc3809b9df6d0b28914,Essentials Automotivo Excelência
f419677537694f0462a91990df6ca44f,Essentials Excelência
f41ce2e25237f9092cd8e6e7516c7a2f,Essentials Consoles Games Qualidade
f435898e493ba0356019a0b1cb8b55b1,Essentials Automotivo Qualidade
f43827dd686be3a4a80e00aa299990fb,Essentials Utilidades Domesticas Entrega Rápida
f44b6f775a2b390380e0e30b5c9d3eee,Select Cool Stuff Excelência
f44bdc12aa39f5271f0b95f66cd4c289,Essentials Automotivo
f45122a9ab94eb4f3f8953578bc0c560,Essentials Pet Shop Excelência
f457c46070d02cadd8a68551231220dd,Essentials Informatica Acessorios Excelência
f46490624488d3ff7ce78613913a7711,Essentials Beleza Saude Health Beauty Excelência
f4a04f7be452aa3bb31760bf00055dd0,Essentials Perfumaria Qualidade
f4aba7c0bca51484c30ab7bdc34bcdd1,Essentials Beleza Saude Excelência
f4c4daa86e30c7e5a553a8d518ac03a5,Select Relogios Presentes
f4ce8ca9fa7157e3b33f536ac9a4487d,Essentials Cama Mesa Banho Excelência
f4db9b37944bcb8873e6b456ee190bbf,Select Fashion Bolsas E Acessorios Entrega Rápida
f524ad65d7e0f1daab730ef2d2e86196,Select Ferramentas Jardim
f52c2422904463fdd7741f99045fecb6,Essentials Utilidades Domesticas Excelência
f5403d3f50089112c4eed37928b7f622,Essentials Fashion Roupa Feminina
f543ba3c973276f519d89d59bd46cead,Essentials Moveis Cozinha Area De Servico Jantar E Jardim
f593898ec748b7a8cb81fc04edafd98a,Essentials Moveis Decoracao Excelência
f5a590cf36251cf1162ea35bef76fe84,Select Instrumentos Musicais Excelência
f5b44895715ddfe3087dc414f30268f3,Essentials Automotivo Excelência
f5b84683a9bf9e1df748cf40f601b39c,Essentials Bebes Excelência
f5f1f2c5f923f36ad79ea1d07185ddc9,Select Pet Shop
f5f2ab9bdb6b30c14c61be68c5ed37da,Essentials Brinquedos Excelência
f5f46307a4d15880ca14fab4ad9dfc9b,Select Esporte Lazer
f5fea3ffed6c2e889bab72705557c63a,Select Moveis Decoracao
f6122bc84774df1b372bdb3bb88ddb9f,Premium Informatica Acessorios Entrega Rápida
f615fe7efbef0f4f08fd3086bc7a3e60,Essentials Brinquedos Excelência
f61c63d13f7cd800549d5acdd390ae72,Essentials Utilidades Domesticas Excelência
f626e15b7314c267e4429010866f70e9,Essentials Alimentos Bebidas
f62d7bb4a613ec758a03342d46b580b2,Premium Eletrodomesticos 2 Excelência
f63d8f293af3a6454377546bd9dd19ff,Essentials Ferramentas Jardim
f650a9708fa1bab22bdd8d3a818cc415,Essentials Moveis Decoracao
f664f98bfda2eaf266a23ff144e7a872,Essentials Pet Shop
f67efa3f0b6761102a7f8c6b7b571f5d,Select Pet Shop Excelência
f680f85bee2d253556ac91be391d2c82,Essentials Bebes Excelência
f682e0f848abafc6f41e0d4e868c66ef,Essentials Automotivo
f7315bb81aea4ddca2d39e249a801c98,Select Malas Acessorios Excelência
f7496d659ca9fdaf323c0aae84176632,Select Moveis Decoracao Excelência
f76a3b1349b6df1ee875d1f3fa4340f0,Select Utilidades Domesticas Excelência
f7720c4fa8e3aba4546301ab80ea1f1b,Essentials Ferramentas Jardim Excelência
f783a638e9c6af4a7d0dbfde811e7a81,Select Brinquedos Excelência
f789d2c4f2c2eb38fc4373e7a4b35264,Essentials Pet Shop Excelência
f7ba60f8c3f99e7ee4042fdef03b70c4,Select Beleza Saude Excelência
f7c31656c19db6275a8acadca289f426,Essentials
f7ccf836d21b2fb1de37564105216cc1,Essentials Cama Mesa Banho Excelência
f7df46c1e0ec44eed5c6726478da4a17,Essentials Esporte Lazer
f805b96fa705ba7995a221f1749dc141,Select Instrumentos Musicais Qualidade
f80edd2c5aaa505cc4b0a3b219abf4b8,Essentials Moveis Cozinha Area De Servico Jantar E Jardim Excelência
f8201cab383e484733266d1906e2fdfa,Essentials Cool Stuff Excelência
f84a00e60c73a49e7e851c9bdca3a5bb,Essentials Beleza Saude Excelência
f84fa566034f5e8e880a07ec624c56af,Essentials Beleza Saude Excelência
f88adb15807168d3c43d71021090ce4a,Select Artigos De Festas Gifts
f8d5c7085db9a4ad2b8c1ffbeb2798c8,Essentials Fashion Bolsas E Acessorios
f8db351d8c4c4c22c6835c19a46f01b0,Essentials Utilidades Domesticas Excelência
f8e2c1b59cd4225a3e4fd0d013a76b93,Essentials Moveis Decoracao
f8f35af4634605e6693c17cc3ffff5a8,Essentials Utilidades Domesticas
f90f77ef2799a27f80d90c425ca944f7,Essentials Livros Tecnicos
f918546be4bec7104d117789ba758b2b,Essentials Ferramentas Jardim Excelência
f9244d45189d3a3605499abddeade7d5,Premium Eletroportateis Excelência
f92d8c817434bd2d84d4e9c61322b7fa,Essentials Esporte Lazer
f97e2b0650c2068227e1d366140eb62f,Select Pet Shop Excelência
f9903dd0f812c7e771fcad47b6fff231,Essentials Construcao Ferramentas Iluminacao
f9a02f1922d1de564392e656d82b3fda,Essentials Ferramentas Jardim
f9bbdd976532d50b7816d285a22bd01e,Essentials Esporte Lazer
f9d010e39375d9c91dce3f40b73a2f84,Select Brinquedos Qualidade
f9ec7093df3a7b346b7bcf7864069ca3,Essentials Utilidades Domesticas Small Appliances
f9eda05b67bef472deaddbba84aca289,Select Relogios Presentes Watches
f9eedec3129e8cc6b6429c42d0808c5b,Select Relogios Presentes
f9f68daa2af419d38f745478bcb3da1a,Essentials Esporte Lazer
fa14641f57b655e933124a9ea49cd7a5,Essentials Informatica Acessorios
fa18c782a4866d313cadab567097f8f1,Essentials Utilidades Domesticas
fa1a9dec3a9940c072684a46728bf1fc,Essentials Pet Shop Excelência
fa1c13f2614d7b5c4749cbc52fecda94,Select Relogios Presentes Excelência
fa3a0b5aabb344b9a92e3524b0202123,Select Instrumentos Musicais Excelência
fa40cc5b934574b62717c68f3d678b6d,Essentials Brinquedos Excelência
fa5fdc4e4bb6bd1009ad0e4ac4096562,Select Automotivo Excelência
fa74b2f3287d296e9fbd2cc80f2d1cf1,Select Perfumaria Qualidade
fa7ad8ae9bcb2c4493fdf38e96b1d74f,Essentials Utilidades Domesticas
fa8d335d68129e464e60c1826a683e96,Essentials Automotivo
fac1a9017ade7bdc94058fc1c969f355,Select Informatica Acessorios Computers
fac35d150712afb921ec59ac5f39bb11,Essentials Construcao Ferramentas Construcao Qualidade
fad44952713764836814be105382aee5,Select Beleza Saude Excelência
fadb07c842a2aef5d5a676b85f220e71,Essentials Esporte Lazer Sports Leisure Qualidade
fb3cfbc8a86f5d7fbb4d36b8df63f60d,Essentials Cama Mesa Banho
fb503a924a0b9db19d83dd0ac6dbef8c,Essentials Beleza Saude
fb8904a8ea99f8831b64ce27db2c1765,Essentials Esporte Lazer Qualidade
fb89df7f89fd1b8f03fa2acca1ba7364,Essentials Beleza Saude Excelência
fbc14c0cf93505ef89f64665ffa4a7b5,Premium Telefonia Fixa Excelência
fc0b214b59a83615fea981c6424a02ae,Select Bebes
fc38b5dceee1a730fad8853453437fbd,Essentials Perfumaria Excelência
fc4751cfe3b279c419615b9b00c1abb4,Select Utilidades Domesticas
fc59392d66ef99377e50356ee4f3b4e1,Essentials Eletronicos Qualidade
fc5a0d7a310a7a41abf86a458585ff2b,Essentials Livros Interesse Geral
fc6295add6f51a0936407ead70c1001d,Essentials Moveis Decoracao
fc906263ca5083d09dce42fe02247800,Essentials Informatica Acessorios Excelência
fc908879b9ca1bd65419e54e50432d38,Essentials Livros Interesse Geral
fc99f99385ae90f66f01733856fb88c9,Essentials Brinquedos
fcb5ace8bcc92f75707dc0f01a27d269,Essentials Cool Stuff Excelência
fcba71d4d5db057f43249145e4eb1e27,Select Relogios Presentes
fcdd820084f17e9982427971e4e9d47f,Select Climatizacao Household Utilities Qualidade
fce62094ffe6a4009188ec44e681dfdd,Select Moveis Decoracao
fcf16b7a8697e559f0123190bb30177d,Select Instrumentos Musicais
fd312b6bf05efac6c3772d5b52205d8a,Essentials Beleza Saude
fd386aa7bed2af3c7035c65506c9b4a3,Essentials Papelaria Excelência
fd435faa3c0422b60440ea3480d0e77c,Premium Eletronicos Music Instruments Excelência
fdaaf5bfda82b7b80535610c831b8d09,Select Esporte Lazer Excelência
fdb9095204a334cd8872252ffec6f2db,Essentials Cama Mesa Banho Excelência
fde0cc9ea29c8ccfc0a2c22256a58c71,Essentials Brinquedos Qualidade
fdf736c18c589ed030e058312203e1b2,Essentials Informatica Acessorios Excelência
fe19dce63ae80346207c6c55713d1023,Essentials Beleza Saude
fe1b067411b8c5066e962aa146ccee03,Essentials Perfumaria Excelência
fe1bbc5feda5c8979a8a1b3b2512d5a6,Essentials Esporte Lazer Qualidade
fe2032dab1a61af8794248c8196565c9,Select Perfumaria Excelência
fe26f3ecb51a15e6d8335cd92da42562,Select Automotivo Qualidade
fe49ee029e61e789a1f3a5525f57ba8d,Essentials Brinquedos Excelência
fe4cd9461203cee790d36792420b310f,Essentials Telefonia Excelência
fe701d88b67eaca109dffd464d1be9f9,Essentials Fashion Bolsas E Acessorios Excelência
fe8055980a4ff7f64ed889c2b5926929,Essentials Automotivo Qualidade
fe87f472055fbcf1d7e691c00b1560dc,Select Utilidades Domesticas Home Decor Excelência
fe9d9cf8631285d5982c6e2cf27fb114,Essentials Esporte Lazer
feb793c88d836c3a75efa4b5a3465d70,Select Ferramentas Jardim
febab0275244b9a49a623f0bd613ca2f,Essentials Utilidades Domesticas Excelência
fec6275253471ace26d209bbaa64cd0f,Select Beleza Saude
fec6912baad85d41729669edd6b4d3b8,Select Construcao Ferramentas Construcao
fec8cd45395b3cb0c2b173d7739706a1,Select Brinquedos
fedaedd3ca31d56ab33e92035e4b361c,Essentials Bebes
fedf2c1386e137f296b3bbf3b635e69d,Essentials Casa Construcao
ff063b022a9a0aab91bad2c9088760b7,Select Moveis Decoracao Excelência
ff1e15b778c700abdd4d239b81ac466d,Essentials Esporte Lazer Excelência
ff1fb4c404b2efe68b03350a8dc24122,Essentials Brinquedos Excelência
ff314fa6033cc68ec451c47aee2d6ba4,Select
ff4e2d38692ce827b1a4f4b8196e680d,Essentials Livros Interesse Geral Qualidade
ff4ea69c2a729e83e63c7579e4ef8170,Premium Eletroportateis Excelência
ff69aa92bb6b1bf9b8b7a51c2ed9cf8b,Premium Bebes Excelência
ff82e8873fba613f2261a9acc896fd84,Essentials Bebes
ffa6adafb71b807dc13159e26431354c,Select Cine Foto Car Accessories Excelência
ffad1e7127fb622cb64a900751590acd,Essentials Moveis Decoracao Home Decor Excelência
ffc470761de7d0232558ba5e786e57b7,Essentials Utilidades Domesticas Construction Tools House Garden Excelência
ffcfefa19b08742c5d315f2791395ee5,Essentials Livros Interesse Geral
ffdd9f82b9a447f6f8d4b91554cc7dd3,Essentials Utilidades Domesticas Excelência
ffeee66ac5d5a62fe688b9d26f83f534,Essentials Eletrodomesticos Qualidade
fffd5413c0700ac820c7069d66d98c89,Essentials Utilidades Domesticas Excelência
ffff564a4f9085cd26170f4732393726,Essentials Automotivo Qualidade
